-- phpMyAdmin SQL Dump
-- version 4.9.7
-- https://www.phpmyadmin.net/
--
-- Host: localhost:8889
-- Generation Time: Jan 27, 2022 at 08:05 AM
-- Server version: 5.7.32
-- PHP Version: 7.4.12

SET SQL_MODE = "NO_AUTO_VALUE_ON_ZERO";
SET time_zone = "+00:00";

--
-- Database: `data`
--

-- --------------------------------------------------------

--
-- Table structure for table `disable_details`
--

CREATE TABLE `disable_details` (
  `id` int(11) NOT NULL,
  `pp_no` int(11) NOT NULL,
  `nepali_name` text NOT NULL,
  `english_name` varchar(255) NOT NULL,
  `state` int(11) NOT NULL,
  `district` int(11) NOT NULL,
  `local_body` int(11) NOT NULL,
  `ward` int(11) NOT NULL,
  `nepali_birth_date` varchar(80) NOT NULL,
  `gender` enum('male','female','third gender') NOT NULL,
  `age` int(11) NOT NULL,
  `blood_group` int(11) NOT NULL,
  `nepali_father_name` text NOT NULL,
  `english_father_name` varchar(255) NOT NULL,
  `citizenship_no` varchar(50) NOT NULL,
  `citizenship_district` int(11) NOT NULL,
  `disable_type` int(11) NOT NULL,
  `disable_severity` int(11) NOT NULL,
  `image` text NOT NULL,
  `created_at` timestamp NOT NULL DEFAULT CURRENT_TIMESTAMP ON UPDATE CURRENT_TIMESTAMP,
  `modified_at` timestamp NULL DEFAULT NULL,
  `user_id` int(11) NOT NULL
) ENGINE=InnoDB DEFAULT CHARSET=utf8;

--
-- Dumping data for table `disable_details`
--

INSERT INTO `disable_details` (`id`, `pp_no`, `nepali_name`, `english_name`, `state`, `district`, `local_body`, `ward`, `nepali_birth_date`, `gender`, `age`, `blood_group`, `nepali_father_name`, `english_father_name`, `citizenship_no`, `citizenship_district`, `disable_type`, `disable_severity`, `image`, `created_at`, `modified_at`, `user_id`) VALUES
(1, 1, 'राजकुमार राई', 'Rajkumar Rai', 1, 485, 2246, 4, '2032-10-22', 'male', 44, 0, 'बिर्जबहादुर राई', 'Birja Bahadur Rai', '7904', 485, 1, 2, '', '2019-08-12 19:57:23', NULL, 1),
(2, 2, 'कृष्णबहादुर माझी', 'Krishna Bahadur Majhi', 1, 485, 2246, 4, '2009', 'male', 67, 0, 'जितबहादुर माझी', 'Jit Bahadur Majhi', '93099', 485, 1, 2, '', '2019-08-12 20:01:52', NULL, 1),
(3, 3, 'जोवेल वास्के', 'Jowel Waske', 1, 485, 2246, 1, '2021-04-05', 'male', 55, 0, 'बासु वास्के', ' Bashu Waske', '053035-3', 485, 11, 2, '', '2019-08-12 20:07:19', NULL, 1),
(4, 4, 'श्यामलाल खवास', 'Shyam Lal Khawas', 1, 485, 2246, 3, '2022-01-20', 'male', 54, 0, 'आलिम सिंह', 'Aalim Singh', '12', 485, 1, 3, '', '2019-08-12 20:11:40', NULL, 1),
(5, 5, 'सुनिताहस्दा सतार', 'Sunita Hasda Satar', 1, 485, 2246, 1, '2055-09-23', 'female', 21, 0, 'फुदानहस्दा सतार', 'Fudan Hasda Satar', '05-02-74-04908', 485, 11, 2, '', '2019-08-12 20:23:10', NULL, 1),
(6, 6, 'बाहामुनि टुडु', 'Bahamuni Tudu', 1, 485, 2246, 1, '2037-06-01', 'female', 39, 0, 'सुखीलाल टुडु', 'Sukhilal Tudu', '053065-1343', 485, 2, 2, '', '2019-08-12 20:26:17', NULL, 1),
(7, 7, 'खडगबहादुर थापा', 'Khadga Bahadur Thapa', 1, 485, 2246, 1, '2023-01-04', 'male', 53, 0, 'चन्द्रबहादुर थापा', 'Chandra Bahadur Thapa', '1921', 485, 1, 2, '', '2019-08-12 21:18:11', NULL, 1),
(8, 8, 'फिलिप मरन्डी', 'Filip Marandi', 1, 485, 2246, 1, '2044-10-06', 'male', 33, 0, 'हेगेम मरन्डि सतार', 'Hegem Marandi Satar', '053065-46', 485, 11, 2, '', '2019-08-12 21:21:17', NULL, 1),
(9, 9, 'सुरुजलाल राजवंशी', 'Suruj Lal Rajbansi', 1, 485, 2246, 2, '2012-9-1', 'male', 64, 0, 'कारिलाल राजवंशी', 'Kari Lal Rajbanshi', '13932-034', 485, 11, 2, '', '2019-09-30 10:49:52', '2019-09-30 21:34:52', 27),
(10, 10, 'उमाकुमारी राजवंशी', 'Uma Kumari Rajabanshi', 1, 485, 2246, 2, '2045-10-20', 'female', 31, 0, 'मदन राजवंशी', 'Madan Rajabanshi', '052012-4702', 485, 11, 2, '', '2019-12-10 05:15:21', '2019-12-10 17:00:21', 27),
(11, 11, 'पाल्की धिमाल', 'Palki Dhimal', 1, 485, 2246, 4, '2012-08-21', 'male', 64, 0, 'कुर्ता धिमाल', 'Kurta Dhimal', '12061-2034-35', 485, 11, 2, '', '2019-08-12 21:32:37', NULL, 1),
(12, 12, 'सुबधन लिम्बु', 'Subadhan Limbu', 1, 485, 2246, 5, '2066-12-01', 'male', 11, 0, 'बिर्खबहादुर लिम्बु', 'Birkha Bahadur Limbu', '', 485, 1, 2, '', '2019-08-12 21:35:02', NULL, 1),
(13, 13, 'राधादेवी कार्की', 'Radha Devi karki', 1, 485, 2246, 6, '2022-02-27', 'female', 54, 0, 'पदमबहादुर कार्की(पति)', 'Padam Bahadur Karki', '३१६०', 485, 1, 2, '', '2019-08-12 21:37:13', NULL, 1),
(14, 14, 'शुबानसिंह लिम्बु', 'Suban Singh Limbu', 1, 485, 2246, 7, '2042-09-28', 'male', 34, 0, 'दिलकुमार लिम्बु', 'Dil Kumar Limbu', '58284-3264', 485, 2, 2, '', '2019-08-12 21:39:28', NULL, 1),
(15, 15, 'पुष्पा रिजाल', 'Puspa Rijal', 1, 485, 2246, 6, '2056-07-13', 'female', 20, 0, 'छविलाल रिजाल', 'Chabi Lal Rijal', '', 485, 5, 2, '', '2019-08-12 21:41:34', NULL, 1),
(16, 16, 'ऐन्जल राई', 'Anjel Rai', 1, 485, 2246, 6, '2067-08-11', 'male', 9, 0, 'बिष्णुबहादुर राई', 'Bishnu Bahadur Rai', '', 485, 5, 2, '', '2019-08-13 10:33:35', '2019-08-13 21:18:35', 1),
(17, 17, 'कमल पाण्डे', 'Kamal Pandey', 1, 485, 2246, 7, '2015-06-13', 'male', 61, 0, 'महिन्द्रबहादुर पाण्डे', 'Mahendra Bahadur Pandey', '053033-18', 485, 11, 2, '', '2019-08-12 21:44:54', NULL, 1),
(18, 18, 'सन्तविर तामाङ', 'Santa Bir Tamang', 1, 485, 2246, 6, '2009-10-17', 'male', 67, 0, 'अमानसिंह तामाङ', 'Oman Singh Tamang', '525-31', 485, 2, 2, '', '2019-08-12 21:46:36', NULL, 1),
(19, 19, 'दिलकुमारी गुरुङ', 'Dil Kumari Gurung', 1, 485, 2246, 5, '2023-03-27', 'female', 53, 0, 'राजकुमार गुरुङ', 'Raj Kumar Gurung', '16866', 485, 1, 2, '', '2019-09-27 07:59:22', '2019-09-27 18:44:22', 27),
(20, 20, 'विजय भुजेल ', 'Bijay Bhujel', 1, 485, 2246, 6, '2049।12।15', 'male', 26, 0, 'भोला भुजेल', 'Bhola Bhujel', '05-02-76-01309', 485, 5, 1, '', '2019-11-15 06:28:26', '2019-11-15 18:13:26', 1),
(21, 21, 'सुधा चौधरी', 'Sudha Chaudhary', 1, 485, 2246, 3, '2023-01-24', 'female', 53, 0, 'आशीलाल चौधरी', 'Ashilal Chaudhary', '053033-569', 485, 11, 2, '', '2019-08-12 21:53:02', NULL, 1),
(22, 22, 'तुलसा सापकोटा', 'Tulasa Sapkota', 1, 485, 2246, 3, '2061-02-26', 'female', 15, 0, 'अम्बिका सापकोटा', 'Ambika Sapkota', '', 485, 5, 2, '', '2019-08-12 21:54:28', NULL, 1),
(23, 23, 'दिपेन्द्रप्रसाद लुईटेल', 'Dipendra Prasad Luitel', 1, 485, 2246, 3, '2047-08-10', 'male', 29, 0, 'देवप्रसाद लुईटेल', 'Deva Prasad Luitel', '05-18-70-00438', 485, 11, 2, '', '2019-08-12 21:56:07', NULL, 1),
(24, 24, 'फुलवति चौधरी', 'Fulawati Chawdhary', 1, 485, 2246, 3, '2042-05-10', 'female', 34, 0, 'चन्द्र चौधरी', 'Chandra Chaudhary', '', 485, 11, 2, '', '2019-08-12 21:57:55', NULL, 1),
(25, 25, 'वदलु ऋषिदेव', 'Badalu Rishidev', 1, 485, 2246, 3, '2029-05-19', 'male', 47, 0, 'अनपा ऋषिदेव', 'Anapa Rishidev', '052033807', 485, 5, 2, '', '2019-08-12 22:00:01', NULL, 1),
(26, 26, 'प्रेमकुमार गुरुङ', 'Prem Kumar Gurung', 1, 485, 2246, 4, '2031-04-06', 'male', 46, 0, 'अमरबहादुर गुरुङ', 'Amar Bahadur Gurung', '14487', 485, 3, 2, '', '2019-08-12 22:02:39', NULL, 1),
(27, 27, 'सितादेवी कार्की', 'Sita Devi Karki', 1, 485, 2246, 4, '2023-03-27', 'female', 53, 0, 'टिकाराम खडका', 'Tika Ram Khadka', '०५-१३-७५०००३६', 485, 1, 2, '', '2019-08-12 22:04:16', NULL, 1),
(28, 28, 'देविकुमारी राजवंशी', 'Devi Kumari Rajbansi', 1, 485, 2246, 4, '2069-06-11', 'female', 7, 0, 'कोबि राजवंशी', 'Kobi Rajbansi', '', 485, 5, 2, '', '2019-08-12 22:06:50', NULL, 1),
(29, 29, 'प्रमिला पाठक', 'Pramila Pathak', 1, 485, 2246, 4, '2059-03-02', 'female', 17, 0, 'भद्रकुमारी पाठक', 'Bhadra Kumari Pathak', '', 485, 3, 4, '', '2019-08-12 22:09:57', NULL, 1),
(30, 30, 'सजिना दाहाल', 'Sajina Dahal', 1, 485, 2246, 7, '2070-09-18', 'female', 6, 0, 'चित्रबहादुर दाहाल', 'Chitra Bahadur Dahal', '', 485, 1, 4, '', '2019-08-12 22:11:51', NULL, 1),
(31, 31, 'गंगादेवि भण्डारी', 'Ganga Devi Bhandari', 1, 485, 2246, 3, '2025', 'female', 50, 0, 'मित्रपसाद दाहाल', 'Mitra Prasad Dahal', '693-540', 485, 1, 3, '', '2019-08-13 16:22:14', NULL, 1),
(32, 32, 'प्रभा गडतौला', 'Prabha Gadhtaula', 1, 485, 2246, 7, '2062-06-28', 'female', 14, 0, 'पुष्करप्रसाद गडतोला', 'Puskar Prasad Gadtaula', '', 485, 5, 3, '', '2019-08-13 17:16:25', NULL, 1),
(33, 33, 'सन्त बहादुर तामाङ', 'Santa Bahadur Tamang', 1, 485, 2246, 7, '2020-02-17', 'male', 54, 0, 'रनमाया तामाङ', 'Ranmaya Tamang', '३१४३/३१५', 485, 6, 1, '', '2019-12-13 04:56:26', '2019-12-13 16:41:26', 27),
(34, 34, 'धनबहादुर गेदेम', 'Dhan Bahadur Gadem', 1, 485, 2246, 7, '2017-03-12', 'male', 59, 0, 'पशीङ गेदेम', 'Pashim Gadem', '', 485, 1, 3, '', '2019-08-13 17:19:29', NULL, 1),
(35, 35, 'दुर्गाबहादुर सुवेदी', 'Durga Bahadur Subedi', 1, 485, 2246, 7, '2059-02-22', 'male', 17, 0, 'टेकबहादुर सुवेदी', 'Tek Bahadur Subedi', '०९-०१-७६०१०६७', 485, 1, 3, '', '2019-08-13 17:21:56', NULL, 1),
(36, 36, 'सुर्यदेवी राजवंशी', 'Surya Devi Rajbansi', 1, 485, 2246, 3, '2025-01-10', 'female', 51, 0, 'नारायण राजवंशी', 'Narayan Rajbansi', '1897-22', 485, 1, 3, '', '2019-08-13 17:23:58', NULL, 1),
(37, 37, 'भुली धिमाल', 'Bhuli Dhimal', 1, 485, 2246, 5, '2022-11-17', 'female', 54, 0, 'शोधुलाल धिमाल', 'Sodhulal Dhimal', '05-02-75-05102', 485, 1, 2, '', '2019-11-26 08:30:28', '2019-11-26 20:15:28', 28),
(38, 38, 'सरस्वति दर्जी', 'Saraswoti Darji', 1, 485, 2246, 5, '2026-04-05', 'female', 50, 0, 'ढकबहादुर दमाई', 'Thaag Bahadur Damai', '10860', 485, 5, 3, '', '2019-08-13 17:33:21', NULL, 1),
(39, 39, 'लक्ष्मण चौधरी', 'Laxuman Chaudhary', 1, 485, 2246, 3, '2011-08-11', 'male', 66, 0, 'बाबुलाल चौधरी', 'Babulal Chaudhary', '310866', 485, 1, 3, '', '2019-08-13 17:58:24', NULL, 1),
(40, 40, 'लुखी टुडु', 'Lukhi Tudu', 1, 485, 2246, 1, '2024-07-05', 'female', 48, 0, 'मंगल हस्दा ', 'Mangal Hasda', '0530६5-227', 485, 1, 1, '', '2019-11-15 07:06:01', '2019-11-15 18:51:01', 1),
(41, 41, 'अभिजित चौधरी', 'Abhijit Chaudhary', 1, 485, 2246, 1, '2063-10-04', 'male', 13, 0, 'राजकुमार चौधरी', 'Raj Kumar Chaudhary', '', 485, 11, 1, '', '2019-11-20 09:34:30', '2019-11-20 21:19:30', 27),
(42, 42, 'दिलकुमार राजवंशी', 'Dil Kumar Rajbansi', 1, 485, 2246, 2, '2064-07-14', 'male', 12, 0, 'दर्पलाल राजवंशी', 'Darpalal Rajbansi', '', 485, 11, 1, '', '2019-08-13 18:14:19', NULL, 1),
(43, 43, 'प्रतिमा चौधरी', 'Pratima Chaudhary', 1, 485, 2246, 2, '2063-03-29', 'female', 13, 0, 'रामप्रसाद चौधरी', 'Ram Prasad Chaudhary', '', 485, 11, 1, '', '2019-11-14 05:20:55', '2019-11-14 17:05:55', 1),
(44, 44, 'फुलेश्वरी राजवंशी', 'Phuleshwari Rajbanshi', 1, 485, 2246, 3, '2016-09-20', 'female', 47, 0, 'मुलुकचन्द सि‌ंह राजवंशी', 'Mulukchand Singh Rajbanshi', '१५१५७-034/35', 485, 1, 1, '', '2019-11-20 05:00:58', '2019-11-20 16:45:58', 0),
(45, 45, 'प्रदिपकुमार राजवंशी', 'Pradeep Kumar Rajbansi', 1, 485, 2246, 3, '2023-02-19', 'male', 53, 0, 'केरकु राजवंशी', 'Keraku Rajbansi', '6369', 485, 1, 1, '', '2019-08-13 18:24:38', NULL, 1),
(46, 46, 'बिध्यानन्द चौधरी', 'BidyaNanda Chaudhary', 1, 485, 2246, 3, '2044-05-03', 'male', 32, 0, 'भिमनारायण चौधरी', 'Bhim Narayan Chaudhary', '052033-691', 485, 11, 1, '', '2019-08-13 18:36:49', NULL, 1),
(47, 47, 'मदनकुमार तामाङ', 'Madan Kumar Tamang', 1, 485, 2246, 4, '2009-02-08', 'male', 67, 0, 'धनबहादुर तामाङ', 'Dhan Bahadur Tamang', '44525', 485, 1, 1, '', '2019-08-13 18:39:23', NULL, 1),
(48, 48, 'सन्ध्या दाहाल', 'Sandhya Dahal', 1, 485, 2246, 4, '2062-04-05', 'female', 14, 0, 'योगेन्द्रप्रसाद दाहाल', 'Yogendra Prasad Dahal', '', 485, 5, 1, '', '2019-08-13 18:41:18', NULL, 1),
(49, 49, 'टंकप्रसाद न्यौपाने', 'Tanka Prasad Neupane', 1, 485, 2246, 2, '2025-08-18', 'male', 51, 0, 'भिमप्रसाद न्यौपाने', 'Bhim Prasad Neupane', '14311-137', 485, 11, 1, '', '2019-08-13 18:43:00', NULL, 1),
(50, 50, 'गंगामाया धिमाल', 'Ganga Maya Dhimal', 1, 485, 2246, 6, '2054-08-18', 'female', 22, 0, 'कामाराम धिमाल', 'Kamaram Dhimal', '05-13-7500069', 485, 11, 1, '', '2019-08-13 18:44:49', NULL, 1),
(51, 51, 'हेम कुमारी निरैाला  ', 'Hem Kumari Niroula', 1, 485, 2246, 6, '2049।08।02', 'female', 27, 0, 'चन्द्र प्रसाद निरैाला ', 'Chandra Prasad Niroula', '05-02-74-04516', 485, 1, 1, '', '2019-11-15 06:07:35', '2019-11-15 17:52:35', 1),
(52, 52, 'गोबिन्द थापा', 'Govinda Thapa', 1, 485, 2246, 6, '2070-02-17', 'male', 6, 0, 'रामबहादुर थापा ', 'Ram Bahadur Thapa', '', 485, 11, 1, '', '2019-08-13 18:49:32', NULL, 1),
(53, 53, 'नानिया खडका', 'Naniya Khadka', 1, 485, 2246, 6, '2066-05-23', 'female', 10, 0, 'दानबहादुर खडका', 'Dan Bahadur Khadka', '', 485, 1, 2, '', '2019-08-13 18:52:13', NULL, 1),
(54, 54, 'देवकुमारी नेङवाङ', 'Dev Kumari Nemwang', 1, 485, 2246, 7, '2047-01-02', 'female', 29, 0, 'मंगलसिंह नेडवाङ', 'Mangal Singh Nemwang', '052033-17353', 485, 5, 1, '', '2019-08-13 19:09:09', NULL, 1),
(55, 55, 'मुकेस चौधरी', 'Mukesh Chaudhary', 1, 485, 2246, 5, '2054-11-28', 'male', 22, 0, 'बल्कु चौधरी', 'Balku Chaudhary', '', 485, 11, 3, '', '2019-08-13 19:13:18', NULL, 1),
(56, 56, 'मेघनारायण श्रेष्ठ', 'Megha Narayan Chaudhary', 1, 485, 2246, 6, '2010-07-08', 'male', 66, 0, ' उडन्द कुमारी  श्रेष्ठ', 'Udand Shrestha', '428/१८२३', 493, 11, 2, '', '2019-12-13 04:53:04', '2019-12-13 16:38:04', 27),
(57, 57, 'भलकुमारी पौडेल', 'Bhala Kumari Paudel', 1, 485, 2246, 6, '2038-02-30', 'female', 38, 0, 'नलबहादुर पौडेल', 'Nal Bahadur Paudel', '053033-736', 485, 1, 3, '', '2019-08-13 19:20:48', NULL, 1),
(58, 58, 'रंजन खड्का', 'Ranjan Khadka', 1, 485, 2246, 7, '2065-11-05', 'male', 11, 0, 'विनोद खडका', 'Binod Khadka', '', 485, 1, 3, '', '2019-08-13 19:22:32', NULL, 1),
(59, 59, 'भुवन जोगी', 'Bhuwan Jogi', 1, 485, 2246, 7, '2069-11-23', 'male', 7, 0, 'गिता जोगी', 'Gita Jogi', '', 485, 1, 3, '', '2019-08-13 19:24:08', NULL, 1),
(60, 60, 'निश्चल गडतौला', 'Nischal Gadtaula', 1, 485, 2246, 7, '2060-03-26', 'male', 16, 0, 'पुष्करप्रसाद गडतोला', 'Puskar Prasad Gadtaula', '', 485, 1, 3, '', '2019-08-13 19:26:17', NULL, 1),
(61, 61, 'भिमकुमारी श्रेष्ठ', 'Bhim Kumari Shrestha', 1, 485, 2246, 6, '2016-05-10', 'female', 60, 0, 'लालबहादुर श्रेष्ठ', 'Lal Bahadur  Shrestha', '053033-128', 485, 1, 3, '', '2019-08-13 19:28:20', NULL, 1),
(62, 62, 'कुमारी गुरुङ', 'Kumari Gurung', 1, 485, 2246, 7, '2018-09-29', 'female', 58, 0, 'खासबहादुर गुरुङ', 'Khas Bahadur Gurung', '09-02-76-00315', 485, 1, 3, '', '2019-08-13 19:32:36', NULL, 1),
(63, 63, 'पदमकुमारीबलमपाखी मगर', 'Padam Balampakhi Magar', 1, 485, 2246, 4, '2026-06-19', 'female', 50, 0, 'कर्णबहादुरबलमपाखी मगर', 'Karna Bahadur Balampakhi Magar', '१२८५-१२२८', 485, 4, 2, '', '2019-08-13 10:15:40', '2019-08-13 21:00:40', 1),
(64, 64, 'सागर दाहाल', 'Sagar Dahal', 1, 485, 2246, 6, '2071-8-25', 'male', 5, 0, 'दुर्गादेवि दाहाल', 'Durga Devi Dahal', '', 485, 1, 3, '', '2019-08-13 19:37:14', NULL, 1),
(65, 65, 'देवनारायण मुर्मु', 'Dev Narayan Murmu', 1, 485, 2246, 1, '2030-07-21', 'male', 47, 0, 'चुनाराम मुर्मु', 'Chuna Ram Murmu', '053065-68', 485, 1, 3, '', '2019-08-13 19:39:08', NULL, 1),
(66, 66, 'दिप्रशन दाहाल', 'Diprason Dahal', 1, 485, 2246, 3, '2064-11-10', 'male', 12, 0, 'दिवशप्रसाद दाहाल', 'Diwash Prasad Dahal', '', 485, 11, 1, '', '2019-08-13 20:56:58', NULL, 1),
(67, 67, 'डम्बरबहादुर लिम्बु', 'Dambar Bahadur Limbu', 1, 485, 2246, 4, '2029-08-02', 'male', 48, 0, 'भरतसिंह लिम्बु', 'Bharat Singh Limbu', '16-964', 485, 4, 2, '', '2019-08-13 21:03:05', NULL, 1),
(68, 68, 'नमिला तामाङ', 'Namila Tamang', 1, 485, 2246, 4, '2060-06-10', 'female', 16, 0, 'मानबहादुर तामाङ', 'Man Bahadur Tamang', '', 485, 11, 1, '', '2019-08-13 21:04:45', NULL, 1),
(69, 69, 'सीता दाहाल', 'Sita Dahal', 1, 485, 2246, 6, '2022', 'female', 54, 0, 'ललितबहादुर दाहाल', 'Lalit Bahadur Dahal', '1911', 493, 4, 2, '', '2019-12-01 05:37:15', '2019-12-01 17:22:15', 27),
(70, 70, 'चन्द्रकुमारी बुढाथोकी', 'Chandra Kumari Budathoki', 1, 485, 2246, 7, '2030-11-07', 'female', 45, 0, 'धनबहादुर बुढाथोकी', 'Dhan Bahadur Budathoki', '', 493, 11, 2, '', '2019-08-23 17:25:57', NULL, 1),
(71, 71, 'विकास तामाङ', 'Bikash Tamang', 1, 485, 2246, 6, '2062-7-13', 'male', 13, 0, 'कोपिला तामाङ', 'Kopila Tamang', '१२७', 485, 1, 1, '', '2019-12-01 05:37:57', '2019-12-01 17:22:57', 0),
(72, 72, 'लिलामाया लिम्बु', 'Lila Maya Limbu', 1, 485, 2246, 7, '2047-12-1', 'female', 28, 0, 'दिनेश लिम्बु', 'Dinesh Limbu', '', 485, 5, 1, '', '2019-08-23 17:33:12', NULL, 1),
(73, 73, 'केदार बहादुर कार्की', 'Kedar Bahadur Karki', 1, 485, 2246, 2, '2026-11-07', 'male', 49, 0, 'फडिन्द्र बहादुर कार्की', 'Phadindra Bahadur Karki', '११९६', 485, 1, 1, '', '2019-12-13 04:48:37', '2019-12-13 16:33:37', 27),
(74, 74, 'होमनाथ निरौला', 'Hom Nath Niraula', 1, 485, 2246, 4, '2038-5-10', 'male', 38, 0, 'रामप्रसाद निरौला', 'Ram Prasad Niraula', '10645/583', 485, 5, 2, '', '2019-11-15 06:31:56', '2019-11-15 18:16:56', 1),
(75, 75, 'सितादेवी निरौला', 'Sita Devi Niraula', 1, 485, 2246, 4, '2029-11-13', 'female', 46, 0, 'नरमाया निरौला', 'Nirmaya Niraula', '५२०३३/७४३', 485, 5, 1, '', '2019-08-23 17:47:07', NULL, 1),
(76, 76, 'गोमादेवी राय', 'Goma Devi Roy', 1, 485, 2246, 4, '2029-5-9', 'female', 47, 0, 'देउकुमारी राय', 'Deu Kumari Roy', '052033-14752', 485, 1, 1, '', '2019-08-23 17:51:02', NULL, 1),
(77, 77, 'तोयानाथ पराजुली ', 'Toyanath Parajuli', 1, 485, 2246, 3, '2010-05-15', 'male', 66, 0, 'गंगा देवी गेलाल', 'Ganga Devi Gelal', '३०१६/३२१४', 485, 4, 2, '', '2019-12-13 04:58:27', '2019-12-13 16:43:27', 27),
(78, 78, 'सुविसा गिरी', 'Subisa Giri', 1, 485, 2246, 3, '2070-11-21', 'female', 6, 0, 'लेखराज गिरी', 'Lekhraj Giri', '', 485, 7, 1, '', '2019-11-20 09:23:45', '2019-11-20 21:08:45', 0),
(79, 79, 'पदमबहादुर कार्की', 'Padam Bahadur Karki', 1, 485, 2246, 6, '2010-8-15', 'male', 65, 0, 'लोकबहादुर कार्की', 'Lok Bahadur Karki', '97731224', 485, 4, 2, '', '2019-08-23 18:00:20', NULL, 1),
(80, 80, 'हेम कुमारी दुलाल ', 'Hem Kumari Dulal', 1, 485, 2246, 4, '2045-08-13', 'female', 31, 0, 'पुष्प लाल  दुलाल', 'Pushpa Lal Dulal', '०५३०३३', 485, 1, 1, '', '2019-12-13 04:48:05', '2019-12-13 16:33:05', 27),
(81, 81, 'दिपक मगर', 'Dipak Magar', 1, 485, 2246, 4, '2059-03-20', 'male', 17, 0, 'तिलक बहादुर मगर', 'Tilak Bahadur Magar', '', 485, 4, 2, '', '2019-11-15 06:16:33', '2019-11-15 18:01:33', 1),
(82, 82, 'आशा चौधरी ', 'Asha Chaudhary', 1, 485, 2246, 2, '2044-8-24', 'female', 31, 0, 'कानन चौधरी', 'Kanan Chaudhary', '1870/0012', 485, 1, 3, '', '2019-08-23 07:22:42', '2019-08-23 18:07:42', 1),
(83, 83, 'असोककुमार चौधरी', 'Ashok Kumar Chaudhary', 1, 485, 2246, 2, '2063-9-4', 'male', 13, 0, 'दिनेशकुमार चौधरी', 'Dinesh Kumar Chaudhary', '', 485, 1, 3, '', '2019-08-23 18:10:34', NULL, 1),
(84, 84, 'जरिकुमारी चौधरी', 'Jori kumari Chaudhary', 1, 485, 2246, 2, '2027-5-11', 'female', 49, 0, 'मंगलि थारी चौधरी', 'Mangali Thari Chaudhary', '', 485, 6, 2, '', '2019-08-23 18:13:16', NULL, 1),
(85, 85, 'बालेश्वर ठाकुर', 'Baleswor Thakur', 1, 485, 2246, 4, '2051-10-30', 'male', 24, 0, 'उपनेश्वर ठाकुर', 'Upeneswor Thakur', '28-18-70', 485, 11, 3, '', '2019-08-23 18:16:26', NULL, 1),
(86, 86, 'अम्बिकाप्रसाद कोईराला', 'Ambika Prasad Koirala', 1, 485, 2246, 3, '2033-8-25', 'male', 43, 0, 'सविता कोईराला', 'Sabita Koirala', '1324/189', 485, 1, 3, '', '2019-08-23 18:54:48', NULL, 1),
(87, 87, 'कर्णबहादुर खड्का', 'Karna Bahadur Khadka', 1, 485, 2246, 2, '2027-1-25', 'male', 49, 0, 'छत्रबहादुर खडका', 'Chatra Bahadur Khadka', '973/7406', 490, 1, 3, '', '2019-12-10 05:10:50', '2019-12-10 16:55:50', 27),
(88, 88, 'श्यामबहादुर तामाङ', 'Shyam Bahadur Tamang', 1, 485, 2246, 4, '2022-7-15', 'male', 54, 0, 'विन्दु तामाङ', 'Bindu Tamang', '1229', 485, 1, 1, '', '2019-08-23 19:00:03', NULL, 1),
(89, 89, 'भावना कार्की', 'Bhawana karki', 1, 485, 2246, 2, '2032-02-19', 'female', 44, 0, 'पुष्कर कार्की', 'Puskar Karki', '052011/9600', 485, 5, 1, '', '2019-11-28 07:28:56', '2019-11-28 19:13:56', 27),
(90, 90, 'सुत्र कुमारी राई', 'Sutra Kumari Rai', 1, 485, 2246, 6, '2014', 'female', 62, 0, 'लेखराज गिरी ', 'Lekharaj Giri', '354', 485, 1, 1, '', '2019-11-15 06:04:56', '2019-11-15 17:49:56', 1),
(91, 91, 'सरुमाया श्रेष्ठ', 'Saru Maya Shrestha', 1, 485, 2246, 6, '2067-5-24', 'female', 9, 0, 'रत्नमान श्रेष्ठ', 'Ratnaman Shrestha', '', 485, 1, 1, '', '2019-08-23 19:13:49', NULL, 1),
(92, 92, 'अनिल गिरी', 'Anil Giri', 1, 485, 2246, 6, '2049-3-6', 'male', 27, 0, 'अर्जुन गिरी', 'Arjun Giri', '052033/14041', 485, 11, 2, '', '2019-11-20 09:38:43', '2019-11-20 21:23:43', 27),
(93, 93, 'विष्णुमाया दाहाल', 'Bishnu Maya Dahal', 1, 485, 2246, 6, '2023-4-13', 'female', 53, 0, 'जगतप्रसाद दाहाल', 'Jagat Prasad Dahal', '053033/716', 485, 1, 2, '', '2019-11-30 09:27:06', '2019-11-30 21:12:06', 27),
(94, 94, 'विष्णुमाया माझी', 'Bishu Maya Majhi', 1, 485, 2246, 6, '2027-2-24', 'female', 49, 0, 'हमरतबहादुर माझी', 'Hamrat Bahadur Majhi', '3879/825', 485, 11, 2, '', '2019-08-23 19:24:00', NULL, 1),
(95, 95, 'जानकी ऋषिदेव', 'Janaki Rishidev', 1, 485, 2246, 3, '2028-1-10', 'female', 48, 0, 'अन्पा ऋषिदेव', 'Anpa Rishidev', '05-02-076-01543', 485, 1, 3, '', '2019-08-23 19:27:25', NULL, 1),
(96, 96, 'नजिर ऋषिदेव', 'Najir Rishidev', 1, 485, 2246, 5, '2038-1-1', 'male', 38, 0, 'उपनेन्द्र ऋषिदेव', 'Upendra Rishidev', '052001/227', 485, 1, 3, '', '2019-08-23 19:32:13', NULL, 1),
(97, 97, 'तारा तामाङ', 'Tara Tamang', 1, 485, 2246, 4, '2020-5-15', 'female', 56, 0, 'चक्रबहादुर तामाङ', 'Chakra Bahadur Tamang', '051070/1272', 485, 1, 3, '', '2019-08-23 19:34:15', NULL, 1),
(98, 98, 'रुद्रप्रसाद घिमिरे', 'Rudra Prasad Ghimire', 1, 485, 2246, 4, '2021-9-25', 'male', 55, 0, 'श्रीलाल घिमिरे', 'Shree Lal Ghimire', '1187', 485, 1, 3, '', '2019-08-23 19:36:44', NULL, 1),
(99, 99, 'मन्जु दाहाल', 'Manju Dahal', 1, 485, 2246, 4, '2050-09-10', 'female', 26, 0, 'तिलोचन दाहाल', 'Tilochan Dahal', '091042', 485, 5, 3, '', '2019-08-23 19:38:34', NULL, 1),
(100, 100, 'सलमाया कार्की', 'Salmaya Karki', 1, 485, 2246, 4, '2034-05-22', 'female', 42, 0, 'पदमबहादुर कार्की', 'Padam Bahadur Karki', '05-13-24-00027', 485, 11, 2, '', '2019-08-23 19:40:50', NULL, 1),
(101, 101, 'मोहन बा. अधिकारी', 'Mohan Bdr Adhikari', 1, 485, 2246, 5, '2005-03-05', 'male', 71, 0, 'गोबिन्द बा. अधिकारी', 'Govinda Bdr Adhikari', '०४-०२-७६-०२१०३', 485, 1, 2, '', '2019-12-01 04:52:15', '2019-12-01 16:37:15', 27),
(102, 102, 'ढुण्डिराज अधिकारी', 'Dhundi Raj Adhikari', 1, 485, 2246, 3, '2046-06-08', 'male', 30, 0, 'हिरा बहादुुर अधिकारी ', 'Hira Bahadur Adhikari', '०५३०३३/६०२', 485, 1, 3, '', '2019-12-01 05:31:21', '2019-12-01 17:16:21', 0),
(103, 103, 'गिता देबी मैनाली', 'Gita Devi Mainali', 1, 485, 2246, 6, '2060-03-31', 'female', 16, 0, 'दुर्गा देबी मैनाली ', 'Durga Devi Mainali ', '2060033000159', 485, 5, 2, '', '2019-12-13 04:47:39', '2019-12-13 16:32:39', 27),
(104, 104, 'चन्द्रमाया माझी ', 'Chandra Maya Majhi ', 1, 485, 2246, 6, '2041।6।28', 'female', 35, 0, 'डिल्ली बहादुर माझी ', 'Dilli Bahadur Majhi', '052033/६०८१', 485, 1, 1, '', '2019-11-15 06:03:05', '2019-11-15 17:48:05', 1),
(105, 105, 'यमराज आचार्य', 'Yamraj Acharya', 1, 485, 2246, 6, '2024-12-15', 'male', 52, 0, 'विना आचार्य ', 'Bina Achaya', '2197/69', 485, 1, 2, '', '2019-12-01 05:37:19', '2019-12-01 17:22:19', 0),
(106, 106, 'दमन्ता पुरी ', 'Damanta puri', 1, 485, 2246, 6, '2058-12-01', 'female', 18, 0, 'विमला पुरी', 'Bimal Puri ', '128 (ज.द.नं.)', 485, 5, 2, '', '2019-12-01 05:47:17', '2019-12-01 17:32:17', 0),
(107, 107, 'खड्ग बहादुर राजवंशी', 'Khadga Bahadur Rajbanshi', 1, 485, 2246, 4, '2037-04-01', 'male', 39, 0, 'आसोमती राजवंशी', 'Asomati Rajabanshi', '१२५९०/१२२', 485, 1, 4, '', '2019-12-01 05:56:53', '2019-12-01 17:41:53', 0),
(108, 108, 'राम वावु चैाधरी  ', 'Ram Babu Chaudhary (Tharu)', 1, 485, 2246, 4, '2050-10-14', 'male', 26, 0, 'घुरन चैाधरी ', 'Ghuran Chaudhary (Tharu)', '052033/2812', 485, 1, 3, '', '2019-12-01 06:56:52', '2019-12-01 18:41:52', 0),
(109, 109, 'भगवती अधिकारी ', 'Bhagawati Adhikari', 1, 485, 2246, 4, '2026-12-03', 'female', 50, 0, 'भिमा गैातम ', 'Bhima Gautam', '988/2608', 485, 1, 4, '', '2019-09-27 11:46:12', '2019-09-27 22:31:12', 27),
(110, 110, 'कुबराज सोरेन ', 'Kubaraj Soren', 1, 485, 2246, 1, '2019-07-15', 'male', 57, 0, 'चम्प सोरेन ', 'Champ Soren', '11685', 485, 1, 2, '', '2019-12-13 04:49:57', '2019-12-13 16:34:57', 27),
(111, 111, 'रिजन पोख्रेल ', 'Rijan Pokhrel', 1, 485, 2246, 6, '2060-11-28', 'male', 16, 0, 'चुडामणी पोख्रेल ', 'Chudamani Pokharel', 'जन्म दर्ता नं. 204', 485, 4, 2, '', '2019-12-01 07:18:03', '2019-12-01 19:03:03', 0),
(112, 112, 'नेहर लाल राजवंशी', 'Nehar Lal Rajabanshi', 1, 485, 2246, 2, '2034-02-32 मा 21वर्ष', 'male', 42, 0, 'शान्ती राजवंशी ', 'Shanti Rajabanshi', '6790', 485, 1, 2, '', '2019-12-01 05:12:59', '2019-12-01 16:57:59', 0),
(113, 113, 'घनश्याम दहाल ', 'Ghanshyam Dahal', 1, 485, 2246, 2, '2042-09-29 मा 17 वर्ष', 'male', 52, 0, 'डम्वर कुमारी गैातम ', 'Damwar kumari Dahal', '1266', 485, 1, 3, '', '2019-09-30 06:19:18', '2019-09-30 17:04:18', 27),
(114, 114, 'जेनिसा दाहाल', 'Jenisa Dahal', 1, 485, 2246, 7, '2063-07-05', 'female', 13, 0, 'चुडामणी दाहाल', 'chudamani Dahal', '1276 (क)', 485, 11, 1, '', '2019-12-01 05:42:57', '2019-12-01 17:27:57', 27),
(115, 115, 'सुरेन्द्र राजवंशी', 'Surendra Rajabanshi', 1, 485, 2246, 2, '2053-07-22', 'male', 23, 0, 'कृष्ण कुमारी राजवंशी ', 'Krisna Kumari Rajabanshi', '052011/28591', 485, 1, 2, '', '2019-12-01 05:34:41', '2019-12-01 17:19:41', 0),
(116, 116, 'किरण लिम्बु', 'Kiran Limbu', 1, 485, 2246, 4, '2053-03-09', 'male', 23, 0, 'टिकाराम लिम्बु', 'Tikaram Limbu', '05-02-72-03863', 485, 1, 3, '', '2019-12-01 06:56:14', '2019-12-01 18:41:14', 0),
(117, 117, 'मकर ध्वज तामाङ ', 'Makar Dhwaj Tamang', 1, 485, 2246, 4, '2010-07-05', 'male', 66, 0, 'लक्ष्मी माया तामाङ', 'Laxmi Maya Tamang', '1962', 489, 1, 1, '', '2019-12-01 05:52:24', '2019-12-01 17:37:24', 0),
(118, 118, 'सरस्वती थापा ', 'Saraswati Thapa ', 1, 485, 2246, 6, '2048-09-27', 'female', 28, 0, 'टेक बहादुर थापा ', 'Tek Bahadur Thapa', '052033/1127', 485, 4, 2, '', '2019-12-01 07:12:47', '2019-12-01 18:57:47', 0),
(119, 119, 'जेनिसा दाहाल ', ' Jenisa Dahal', 1, 485, 2246, 4, '2063-07-05', 'male', 13, 0, 'चुडामणी दाहाल ', 'Chudamani Dahal', '१२७६ (क) (ज.द.नं.)', 485, 5, 1, '', '2019-12-13 04:44:40', '2019-12-13 16:29:40', 27),
(120, 120, 'ब्रोन माझी', 'Bron Majhi', 1, 485, 2246, 4, '2067-05-24', 'male', 9, 0, 'पुष्पा कुमारी   माझी ', 'Pushpa Kumari Majhi', '09 (ज.द.नं.)', 485, 5, 1, '', '2019-12-01 05:51:19', '2019-12-01 17:36:19', 0),
(121, 121, 'प्रेम कुमारी भट्टराई', 'Prem Kumari Bhattarai', 1, 485, 2246, 6, '2039-03-16', 'female', 37, 0, 'हुतराज पैाडेल', 'Hutaraj Paudel', '143028/414', 485, 2, 2, '', '2019-12-01 07:09:18', '2019-12-01 18:54:18', 0),
(122, 122, 'हुतराज पैाडेल', 'Hutaraj paudel', 1, 485, 2246, 6, '2030-08-25', 'male', 46, 0, 'डिल्लिराम पैाडेल', 'Dilliram Paudel', '053033/8४7', 485, 4, 2, '', '2019-12-13 06:03:36', '2019-12-13 17:48:36', 27),
(123, 123, 'मेनुका अधिकारी ', 'Menuka Adhikari ', 1, 485, 2246, 6, '2034-09-03', 'female', 42, 0, 'गोविन्द अधिकारी ', 'Gobinda Adhikari', '052004/563', 485, 4, 2, '', '2019-12-01 05:40:39', '2019-12-01 17:25:39', 0),
(124, 124, 'सीता देबी दहाल', 'Sita Devi Dahal', 1, 485, 2246, 6, '2022-03-09', 'female', 54, 0, 'ललीत ब. दहाल', 'Lalit Bahadur Dahal', '1911', 493, 4, 2, '', '2019-12-01 06:07:27', '2019-12-01 17:52:27', 0),
(125, 125, 'रेनुका धिमाल ', 'Renuka Dhimal', 1, 485, 2246, 4, '2065-10-25', 'female', 11, 0, 'दल बहादुर धिमाल ', 'Dal Bahadur Dhimal ', '206', 485, 1, 1, '', '2019-09-30 06:24:23', '2019-09-30 17:09:23', 27),
(126, 126, 'साने लिम्बु', 'Sane Limbu', 1, 485, 2246, 6, '2014-10-15', 'male', 62, 0, 'पृथी लिम्बु', 'Prithi  Bahadur Limbu', '2771/538', 485, 4, 2, '', '2019-12-01 07:00:48', '2019-12-01 18:45:48', 0),
(127, 127, 'मिलन भण्डारी', 'Milan Bhandari', 1, 485, 2246, 1, '2074-04-10', 'male', 2, 0, 'रिता कटुवाल (भण्डारी)', 'Rita Katwal (Bhandari)', '2074041009658', 485, 1, 1, '', '2019-11-15 06:11:13', '2019-11-15 17:56:13', 1),
(128, 128, 'बुधरानी लिम्बु', 'Budharani Limbu', 1, 485, 2246, 6, '2009-09-06', 'female', 66, 0, 'भोलामान लिम्बु', 'Bholaman Limbu', '695/371', 485, 1, 1, '', '2019-12-01 05:46:11', '2019-12-01 17:31:11', 0),
(129, 129, 'सागर लिम्बु (वनेम)', 'Sagar Limbu (Wanem)', 1, 485, 2246, 4, '2048-04-25', 'male', 28, 0, 'अमृत बहादुर लिम्बु (वनेम)', 'Amrit Bahadur Limbu (Wanem)', '052033/3812', 485, 5, 1, '', '2019-11-26 08:18:25', '2019-11-26 20:03:25', 28),
(130, 130, 'साक्षी दाहाल ', 'Sashi Dahal', 1, 485, 2246, 2, '2067-05-24', 'female', 9, 0, 'शम्भुराज दाहाल', 'Shambhu Raj Dahal ', '', 485, 5, 1, '', '2019-11-14 08:35:39', '2019-11-14 20:20:39', 1),
(131, 131, 'अमृत बहादुर जोगी ', 'Amrit Bahadur Jogi', 1, 485, 2246, 7, '2045-03-06/31', 'male', 31, 0, 'डिल्लिराम जोगी ', 'DilliRam Jogi', '083025-212/ ', 485, 11, 2, '', '2019-09-30 09:55:57', '2019-09-30 20:40:57', 27),
(132, 132, 'अम्वर बहादुर सुनार  ', 'Ambar Bahadur Sunar', 1, 485, 2246, 6, '2023-06-05', 'male', 53, 0, 'दुर्गे सुनार', 'Durge Sunar', '2090-1558-2513', 490, 1, 1, '', '2019-12-01 07:18:51', '2019-12-01 19:03:51', 0),
(133, 133, 'लाख बहादुर शेर्मा ', 'Lakh Bahadur Sherma', 1, 485, 2246, 6, '2014', 'male', 62, 0, 'मुकुनसि‌ंह शेर्पा ', 'Mukun Singh Sherpa', '1/044/045', 485, 1, 1, '', '2019-11-15 05:58:29', '2019-11-15 17:43:29', 1),
(134, 134, 'सुश्री दिल कुमारी गुरुङ', ' Sushree Dil Kumari Gurung', 1, 485, 2246, 5, '2023।3।27', 'female', 53, 0, 'राज कुमार गुरुङ', 'Raj Kumar Gurung', '16866', 485, 1, 1, '', '2019-11-26 08:58:45', '2019-11-26 20:43:45', 28),
(135, 135, 'गोविन्द बहादुर कार्की ', 'Gobinda Bahadur Karki', 1, 485, 2246, 7, '2014/07/09', 'male', 62, 0, 'प्रेम कुमारी कार्की ', 'Prem Kumari Karki', '2264-11356', 489, 1, 2, '', '2019-12-01 07:14:14', '2019-12-01 18:59:14', 0),
(136, 136, 'गिता मैनाली ', 'Gita Mainali', 1, 485, 2246, 6, '२०६०/०३/३०', 'female', 18, 0, 'दुर्गा देवी मैनाली ', 'Durga Mainali', '2060033000151 (ज.द.नं.)', 485, 5, 2, '', '2019-12-01 05:43:02', '2019-12-01 17:28:02', 0),
(137, 137, 'सुजन राई', 'Sujan Rai', 1, 485, 2246, 7, '2051-09-07', 'male', 24, 0, 'देवी माया  राई', 'Deb Maya Rai', '०५-०२-७४-७५६६', 485, 5, 1, '', '2019-12-13 04:57:10', '2019-12-13 16:42:10', 27),
(138, 138, 'भुपेन्द्र प्रसाद आचार्य ', 'Bhupendra Prasad Acharya', 1, 485, 2246, 2, '2034-11-15', 'male', 51, 0, 'देवी प्रसाद आचार्य', 'Devi Prasad Acharya', '2397/282', 485, 1, 1, '', '2019-12-01 05:54:41', '2019-12-01 17:39:41', 27),
(139, 139, 'प्रदिप जोगी ', 'Pradip Jogi', 1, 485, 2246, 7, '2068-11-15', 'male', 8, 0, 'हरि प्रसाद जोगी ', 'Hari Prasad Joga', '2068111503681', 485, 1, 2, '', '2019-09-30 07:26:37', '2019-09-30 18:11:37', 1),
(140, 140, 'निर बहादुर दाहाल ', 'Nir Bahadur Dahal', 1, 485, 2246, 6, '2026-11-14', 'male', 49, 0, 'हिरा देवीि दाहाल', 'Hira Devi Dahal', '1880/590', 485, 1, 3, '', '2019-09-30 18:11:42', NULL, 27),
(141, 141, 'रामचन्द्र राई ', 'Ram Chandra Rai ', 1, 485, 2246, 6, '2040-10-17', 'male', 36, 0, 'तिलक बहादुर राई', 'Tilak Bahadur Rai', '0५2०३३/९८४', 485, 1, 1, '', '2019-11-26 08:14:21', '2019-11-26 19:59:21', 28),
(142, 142, 'संजिव गुरुङ ', 'Sanjiv Gurung', 1, 485, 2246, 4, '2058-08-16', 'male', 18, 0, 'लिला कुामरी गुरुङ', 'Lila Kumari Gurung', '05-02-75-05458', 485, 1, 2, '', '2019-11-14 09:13:44', '2019-11-14 20:58:44', 1),
(143, 143, 'जोयल मरण्डी ', 'Joyal Marandi', 1, 485, 2246, 1, '2037-11-14', 'male', 40, 0, 'जोहन मरण्डी ', 'Johan Marandi', '०५-१२-७५-०००८४', 485, 5, 2, '', '2019-11-14 05:35:38', '2019-11-14 17:20:38', 1),
(144, 144, 'नेम नारायण राजवंशी ', 'Nem Narayan Rajbanshi', 1, 485, 2246, 3, '2030-09-08', 'male', 45, 0, 'भकर राजवंशी', 'Bhakar Rajbanshi', '11551', 485, 5, 2, '', '2019-09-30 18:30:25', NULL, 27),
(145, 145, 'श्रीमती बुधमाया देवान ', 'Shreemati Budha Maya Dewan', 1, 485, 2246, 3, '2009-05-15', 'female', 67, 0, 'नन्द बहादुर देवान ', 'Nanda Bahadur Dewan ', '८४8९', 485, 11, 2, '', '2019-11-20 09:17:44', '2019-11-20 21:02:44', 0),
(146, 146, 'कुन्तिमाया राई ', 'Kunti Maya Rai ', 1, 485, 2246, 7, '2021 साल', 'female', 55, 0, 'कमला राई ', 'Kamalaa Rai ', '१७७५', 485, 2, 2, '', '2019-11-14 08:55:56', '2019-11-14 20:40:56', 1),
(147, 147, 'छविमाया भण्डारी ', 'Chhabi Maya Bhandari', 1, 485, 2246, 6, '2013-09-12', 'female', 63, 0, 'कुल प्रसाद वास्कोटा ', 'Kul prasad Baskota', '13590', 485, 4, 2, '', '2019-12-13 04:39:28', '2019-12-13 16:24:28', 27),
(148, 148, 'फक्टू राजबंशी ', 'Phaktu Rajbanshi ', 1, 485, 2246, 5, '2010-09-13', 'male', 66, 0, 'जुरक राजबंशी ', 'Jurak Rajbanshi ', '१३८७१/०३४१३', 485, 1, 3, '', '2019-11-14 08:52:56', '2019-11-14 20:37:56', 1),
(149, 149, 'अम्विका प्रसाद कोइराला  ', 'Ambhika Prasad Koirala', 1, 485, 2246, 2, '2044-07-13', 'male', 32, 0, 'नन्दलाल कोइराला ', 'Nandalal  Koirala', '22476', 485, 1, 2, '', '2019-09-30 18:48:16', NULL, 27),
(150, 150, 'विष्णु मुसहर ', 'Bishnu Musahar', 1, 485, 2246, 4, '2038-01-14', 'male', 38, 0, 'गुलर मुसहर ', 'Gular Musahar', '052033/940', 485, 1, 2, '', '2019-11-14 06:26:45', '2019-11-14 18:11:45', 1),
(151, 151, 'बुध ऋषिदेव ', 'Budha Rishidev', 1, 485, 2246, 3, '2028-05-14', 'female', 48, 0, 'कलेश्वर ऋषिदेव ', 'Kaleshwar Rishidev', '05-02-75-00617', 485, 1, 2, '', '2019-09-30 19:04:33', NULL, 27),
(152, 152, 'नारायन ऋषिदेव ', 'Narayan Rishidev', 1, 485, 2246, 2, '2071-05-08', 'male', 5, 0, 'अशोक मुसहर ', 'Ashok Musahar', '158', 485, 1, 4, '', '2019-09-30 19:11:00', NULL, 27),
(153, 153, 'देवेन्द्र कार्की', 'Devendra karki', 1, 485, 2246, 2, '2016-04-21', 'male', 60, 0, 'हरि बहादुर कार्की', 'Hari Bahadur Karki', '412', 485, 3, 2, '', '2019-11-14 07:10:59', '2019-11-14 18:55:59', 1),
(154, 154, 'राम नारायण चैाधरी', 'Ram Narayan Chaudhary', 1, 485, 2246, 2, '2036-04-03', 'male', 40, 0, 'मंगलु थारु ', 'Mangalu Tharu', '2664', 485, 1, 2, '', '2019-11-14 07:04:03', '2019-11-14 18:49:03', 1),
(155, 155, 'हिमा खतिवडा', 'Hima Khatiwada ', 1, 485, 2246, 2, '2046-01-01', 'female', 30, 0, 'ण प्रसाद खतिवडा ', 'Na Prasad Khatiwada ', '०८३०१९/१३६', 485, 5, 2, '', '2019-12-01 06:21:25', '2019-12-01 18:06:25', 27),
(156, 156, 'बेउली धिमाल ', 'Beuli Dhimal ', 1, 485, 2246, 5, '2024-02-27', 'female', 54, 0, 'दोही प्रसाद धिमाल ', 'Dohi Prasad Dhimal ', '05-02-75-0599', 485, 11, 2, '', '2019-11-14 06:57:30', '2019-11-14 18:42:30', 1),
(157, 157, 'सन्च माया लिम्बु ', 'Sancha Maya Limbu', 1, 485, 2246, 3, '2022 साल', 'female', 54, 0, 'राम बहादुर लिम्बु ', 'Ram Bahadur  Limbu', '3313/54', 485, 1, 2, '', '2019-11-14 07:03:17', '2019-11-14 18:48:17', 1),
(158, 158, 'एलिजा तामांग ', 'Elija Tamang ', 1, 485, 2246, 6, '2059-08-14', 'female', 18, 0, 'मान बहादुर तामांग ', 'Man Bahadur Tamang ', '', 485, 1, 2, '', '2019-11-14 06:49:45', '2019-11-14 18:34:45', 1),
(159, 159, 'गोमा पौदार ', 'goma poudar ', 1, 485, 2246, 7, '2060-12-05', 'female', 16, 0, 'ज्ञानी देभी पौदार ', 'gyanidebi poudar ', '', 485, 1, 3, '', '2019-09-30 19:37:38', NULL, 1),
(160, 160, 'खडग बहादुर थापा ', 'Khadga  Bahadur Thapa', 1, 485, 2246, 1, '2045-01-04मा २१ वर्ष', 'male', 52, 0, 'चन्द्र ब. थापा ', 'Chandra  Bahadur Thapa', '1921', 485, 1, 1, '', '2019-11-14 08:14:49', '2019-11-14 19:59:49', 1),
(161, 161, 'दुर्गा कार्की ', 'Durga Karki', 1, 485, 2246, 2, '2041-06-12', 'female', 35, 0, 'बम बहादुर कार्की ', 'Bam Bahdur karki ', '२३४६५', 485, 4, 2, '', '2019-12-01 06:43:03', '2019-12-01 18:28:03', 0),
(162, 162, 'लाख बहादुर तामाङ', 'Lakha Bahadur Tamang', 1, 485, 2246, 4, '2047-03-15', 'male', 29, 0, 'धन बहादुर तामाङ', 'Dhan Bahadur Tamang', '०५-०२-७५-०५५०३', 485, 1, 1, '', '2019-12-13 04:50:39', '2019-12-13 16:35:39', 27),
(163, 163, 'लक्ष्मी भगत श्रेष्ठ ', 'Laxmi Bhagat Shrestha ', 1, 485, 2246, 3, '2022', 'male', 54, 0, 'इन्द्र कुमार श्रेष्ठ', 'Indra Kumar Shrestha', '640', 487, 4, 2, '', '2019-11-14 09:18:18', '2019-11-14 21:03:18', 1),
(164, 164, 'अेामप्रकाश चैाधरी ', 'Om Prakash Chaudhary', 1, 485, 2246, 2, '2067-02-06', 'male', 6, 0, 'प्रदिप चैाधरी ', 'Pradip Chaudhary', '', 485, 11, 2, '', '2019-11-14 05:21:43', '2019-11-14 17:06:43', 1),
(165, 165, 'युवराज लिम्बु ', 'Yuwaraj limbu ', 1, 485, 2246, 6, '2048-02-15', 'male', 28, 0, 'झलक बहादुर लिम्बु ', 'Jhalak Bahadur Limbu ', '', 485, 1, 2, '', '2019-11-14 09:03:25', '2019-11-14 20:48:25', 1),
(166, 166, 'पदम वती ढकाल ', 'Padamwati Dhakal ', 1, 485, 2246, 4, '2020-05-06', 'female', 56, 0, 'मोहन प्रशाद ढकाल ', 'Mohan Prashad Dhakal ', '', 485, 2, 2, '', '2019-11-14 09:04:44', '2019-11-14 20:49:44', 1),
(167, 167, 'ज्ञान बहादुर विश्वक्रर्म  ', 'Gyan Bahadur Bhishwakarma ', 1, 485, 2246, 7, '2033-05-15', 'male', 43, 0, 'राम बहादुर विश्वक्रर्मा', 'Ram Bahadur Bhishwakarma', '15130', 485, 1, 2, '', '2019-11-14 09:01:05', '2019-11-14 20:46:05', 1),
(168, 168, 'मनोज कार्की ', 'Manoj Karki ', 1, 485, 2246, 6, '2062-05-19', 'male', 14, 0, 'अम्विका कार्की', 'Ambika Karki ', '167', 485, 4, 3, '', '2019-09-30 20:36:07', NULL, 27),
(169, 169, 'गगां प्रसाद बराल ', 'Ganga Prasad Baral ', 1, 485, 2246, 4, '2029-10-10', 'male', 47, 0, 'बाबुराम बराल ', 'Baburam Baral', '2242/1896', 485, 9, 2, '', '2019-11-26 08:31:32', '2019-11-26 20:16:32', 28),
(170, 170, 'दुर्गा बहादुर दाहाल', 'Durga Bahadur Dahal ', 1, 485, 2246, 6, '2024-07-15', 'male', 52, 0, 'भिम बहादुर दाहाल', 'Bhim Bahadur Dahal', '२३२९।५८९', 485, 11, 2, '', '2019-12-13 04:44:21', '2019-12-13 16:29:21', 27),
(171, 171, 'अम्विका सुवेदी ', 'Ambika Subedi', 1, 485, 2246, 5, '2035-10-10', 'female', 40, 0, 'खडानन्द सुवेदी', 'Khada Nanda Subedi', '०५३०११/४९', 485, 5, 2, '', '2019-12-13 09:11:42', '2019-12-13 09:11:42', 1),
(172, 172, 'प्रेम कुमारी निरैाला ', 'Prem Kumari Niroula', 1, 485, 2246, 7, '2037-07-20', 'female', 39, 0, 'चित्र रेखा  निरैाला', 'Chitra Rekha Niroula', '05२०३३/३७२५१', 485, 5, 2, '', '2019-12-13 04:52:30', '2019-12-13 16:37:30', 27),
(173, 173, 'देविका राई', 'Debika Rai', 1, 485, 2246, 7, '2024-09-13', 'female', 51, 0, 'अम्बिर राई', 'Ambar  Rai', '७६०८५०१९', 496, 1, 2, '', '2019-12-13 04:46:45', '2019-12-13 16:31:45', 27),
(174, 174, 'पूर्ण प्रसाद  गुरागाई', 'Purna Prasad Guragain', 1, 485, 2246, 4, '2031-11-26', 'male', 44, 0, 'विष्णु माया गुरागाई', 'Bishnu Maya Guragain', '२६६५/१३११', 485, 1, 2, '', '2019-12-13 04:53:42', '2019-12-13 16:38:42', 27),
(175, 175, 'टिका वहादुर तामाङ ', 'Tika Bahadur Tamang', 1, 485, 2246, 5, '2025-05-02', 'male', 51, 0, 'टिका माया तामाङ ', 'Tika Maya Tamang', '२०३१/१३०६', 485, 1, 1, '', '2019-12-13 04:57:45', '2019-12-13 16:42:45', 27),
(176, 176, 'भोला भुजेल ', 'Bhola Bhujel', 1, 485, 2246, 6, '2020-03-20', 'male', 55, 0, 'कुमारी भुजेल ', 'Kumari Bhujel', '३१०/२६०', 485, 1, 1, '', '2019-12-13 04:45:26', '2019-12-13 16:30:26', 27),
(177, 177, 'निर्मला दाहाल ', 'Nirmala Dahal ', 1, 485, 2246, 7, '2045-02-18', 'female', 31, 0, 'अम्विका  दाहाल ', 'Ambika  Dahal ', '०५३०३३/३८६', 485, 1, 1, '', '2019-12-13 04:54:13', '2019-12-13 16:39:13', 27),
(178, 178, 'रेनुका राई', 'Renuka Rai    ', 1, 485, 2246, 7, '2039-04-29', 'female', 37, 0, 'रविलाल राई', 'Ravi Lal Rai ', '३८३६/२८०', 485, 5, 1, '', '2019-12-13 04:55:47', '2019-12-13 16:40:47', 27),
(179, 179, 'पूर्ण प्रसाद शिवाकोटी ', 'Purna Prasad Shiwakoti', 1, 485, 2246, 6, '2017-12-09', 'male', 58, 0, 'गोमा देवी  शिवाकोटी', 'Goma Devi Shiwakoti', '३५१३/६८७', 485, 2, 2, '', '2019-12-13 04:54:52', '2019-12-13 16:39:52', 27),
(180, 180, 'विष्णु अधिकारी ', 'Bushnu Adhikari', 1, 485, 2246, 7, '2034-04-29', 'male', 42, 0, 'खेमनाथ अधिकारी', 'Khemnath  Adhikari ', '१५८९४', 485, 1, 1, '', '2019-12-13 04:46:04', '2019-12-13 16:31:04', 27),
(181, 181, 'कृष्ण बहादुर कामी ', 'Krishna Bahadur Kami', 1, 485, 2246, 5, '2038-04-15', 'male', 38, 0, 'मेखराज कामी', 'Mekh Raj  Kami', '०५-०२-७५-०२३८०', 485, 1, 2, '', '2019-12-13 04:49:20', '2019-12-13 16:34:20', 27),
(182, 182, 'कञ्चन  वाग्ले ', 'kanchan Wagle', 1, 485, 2246, 3, '2049-09-01', 'female', 27, 0, 'भेषराज वाग्ले', 'Bhesharaj Wagle', '०५-०२-७४-०७७८३', 485, 5, 1, '', '2019-12-13 04:42:25', '2019-12-13 16:27:25', 27),
(183, 183, 'निता कार्की', 'Nita Karki', 1, 485, 2275, 1, '2055-7-1', 'female', 13, 2, 'हरि कार्की', 'Numa Karki', '01-02-12256', 513, 3, 2, 'a7266d527e7f624da41118c44e3840cf.png', '2022-01-17 10:27:07', NULL, 1);

-- --------------------------------------------------------

--
-- Table structure for table `settings_blood_type`
--

CREATE TABLE `settings_blood_type` (
  `id` int(11) NOT NULL,
  `name` varchar(5) NOT NULL
) ENGINE=InnoDB DEFAULT CHARSET=utf8;

--
-- Dumping data for table `settings_blood_type`
--

INSERT INTO `settings_blood_type` (`id`, `name`) VALUES
(1, 'A+'),
(2, 'A-'),
(3, 'B+'),
(4, 'B-'),
(5, 'O+'),
(6, 'O-'),
(7, 'AB+'),
(8, 'AB-');

-- --------------------------------------------------------

--
-- Table structure for table `settings_disable_severity`
--

CREATE TABLE `settings_disable_severity` (
  `id` int(11) NOT NULL,
  `name` text NOT NULL,
  `english_name` varchar(255) NOT NULL,
  `group` varchar(50) NOT NULL
) ENGINE=InnoDB DEFAULT CHARSET=utf8;

--
-- Dumping data for table `settings_disable_severity`
--

INSERT INTO `settings_disable_severity` (`id`, `name`, `english_name`, `group`) VALUES
(1, 'पूर्ण', 'Complete', 'क'),
(2, 'अति असक्त', 'Extreme Disable', 'ख'),
(3, 'मध्यम', 'Medium', 'ग'),
(4, 'सामान्य', 'Simple', 'घ');

-- --------------------------------------------------------

--
-- Table structure for table `settings_disable_type`
--

CREATE TABLE `settings_disable_type` (
  `id` int(11) NOT NULL,
  `name` text NOT NULL,
  `english_name` varchar(255) NOT NULL
) ENGINE=InnoDB DEFAULT CHARSET=utf8;

--
-- Dumping data for table `settings_disable_type`
--

INSERT INTO `settings_disable_type` (`id`, `name`, `english_name`) VALUES
(1, 'शारीरिक अपाङ्गता', 'Physical Disorder'),
(2, 'दृष्टि सम्बन्धी', 'Blindness '),
(3, 'स्वर बोलााई अपाङगता', 'Sound and Speak Disabled'),
(4, 'बहिरा ', 'Hard of Hearing'),
(5, 'वौद्धिक अपाङ्ग वा सुस्त मनस्थिति', 'Intellectual Disabled'),
(6, 'श्रवण दृष्टिविहिन', 'Deaf and Blind Disabled'),
(7, 'अटिजम', 'Autism Disorder'),
(8, 'होमोफेलिया', 'Homophilia Disorder'),
(9, 'मनो समाजीक अपाङ्गता', 'Phyco Social Disorder'),
(11, 'वहु अपाङगता', 'Multiple Disabled');

-- --------------------------------------------------------

--
-- Table structure for table `settings_district`
--

CREATE TABLE `settings_district` (
  `id` int(11) NOT NULL,
  `name` text CHARACTER SET utf8 NOT NULL,
  `state` int(15) NOT NULL,
  `english_name` varchar(255) NOT NULL
) ENGINE=InnoDB DEFAULT CHARSET=latin1;

--
-- Dumping data for table `settings_district`
--

INSERT INTO `settings_district` (`id`, `name`, `state`, `english_name`) VALUES
(481, 'ताप्लेजुङ', 1, 'Taplejung'),
(482, 'पाँचथर', 1, 'Panchther'),
(483, 'ईलाम', 1, 'Illam'),
(484, 'झापा', 1, 'Jhapa'),
(485, 'मोरङ', 1, 'Morang'),
(486, 'सुनसरी', 1, 'Sunsari'),
(487, 'धनकुटा', 1, 'Dhankuta'),
(488, 'तेहथुम', 1, 'Terathum'),
(489, 'संखुवासभा', 1, 'Sankhuwasabha'),
(490, 'भोजपुर', 1, 'Bhojpur'),
(491, 'सोलुखुम्बु', 1, 'Solukhumbu'),
(492, 'ओखलढुंगा', 1, 'Okaldhunga'),
(493, 'खोटाङ', 1, 'Khotang'),
(494, 'उदयपुर', 1, 'Udaypur'),
(495, 'सप्तरी', 2, 'Saptari'),
(496, 'सप्तरी', 2, ''),
(497, 'सिराहा', 2, 'Siraha'),
(498, 'धनुषा', 2, 'Dhanusha'),
(499, 'महोत्तरी', 2, 'Mohattari'),
(500, 'सर्लाही', 2, 'Sarlahi'),
(501, 'रौतहट', 2, 'Rautahat'),
(502, 'वारा', 2, 'Bara'),
(503, 'पर्सा', 2, 'Parsa'),
(504, 'सिन्धुली', 3, 'Sindhuli'),
(505, 'रामेछाप', 3, 'Ramechap'),
(506, 'दोलखा', 3, 'Dholakha'),
(507, 'सिन्धुपाल्चोक', 3, 'Sindhupalchowk'),
(508, 'काभ्रेपलान्चोक', 3, 'Kavrepalanchowk'),
(509, 'ललितपुर', 3, 'Lalitpur'),
(510, 'भक्तपुर', 3, 'Bhaktapur'),
(511, 'काठमाण्डौ', 3, 'Kathmandu'),
(512, 'नुवाकोट', 3, 'Nuwakot'),
(513, 'रसुवा', 3, 'Rasuwa'),
(514, 'धादिङ', 3, 'Dhading'),
(515, 'मकवानपुर', 3, 'Makwanpur'),
(516, 'चितवन', 3, 'Chitwan'),
(517, 'गोरखा', 4, 'Gorkha'),
(518, 'लमजुङ', 4, 'Lamjung'),
(519, 'तनहुँ', 4, 'Tanahu'),
(520, 'स्याङजा', 4, 'Syangja'),
(521, 'कास्की', 4, 'Kaski'),
(522, 'मुस्ताङ', 4, 'Mustang'),
(523, 'म्याग्दी', 4, 'Myagdi'),
(524, 'पर्वत', 4, 'Parwat'),
(525, 'वाग्लुङ', 4, 'Baglung'),
(526, 'नवलपरासी (बर्दघाट सुस्ता पूर्व)', 4, 'Nawalparashi'),
(527, 'गुल्मी', 5, 'Gulmi'),
(528, 'पाल्पा', 5, 'Palpa'),
(529, 'रुपन्देही', 5, 'Rupandehi'),
(530, 'कपिलबस्तु', 5, 'Kapikbastu'),
(531, 'अर्घाखाँची', 5, 'Argagachi'),
(532, 'प्यूठान', 5, 'Pyuthan'),
(533, 'रोल्पा', 5, 'Rolpa'),
(534, 'रुकुम (पूर्वी भाग)', 5, 'Rukum'),
(535, 'दाङ', 5, 'Dang'),
(536, 'बाँके', 5, 'Banke'),
(537, 'बर्दिया', 5, 'Bardiya'),
(538, 'नवलपरासी (बर्दघाट सुस्ता पश्चिम)', 5, 'Nawalparashi'),
(539, 'रुकुम (पश्चिम भाग)', 6, 'Rukum'),
(540, 'सल्यान', 6, 'Salyan'),
(541, 'सुर्खेत', 6, 'Surkhet'),
(542, 'दैलेख', 6, 'Dailekh'),
(543, 'जाजरकोट', 6, 'Jajarkot'),
(544, 'डोल्पा', 6, 'Dolpa'),
(545, 'जुम्ला', 6, 'Jumla'),
(546, 'कालिकोट', 6, 'Kalikot'),
(547, 'मुगु', 6, 'Mugu'),
(548, 'हुम्ला', 6, 'Humla'),
(549, 'बाजुरा', 7, 'Bajura'),
(550, 'बझाङ', 7, 'Bajhang'),
(551, 'अछाम', 7, 'Achham'),
(552, 'डोटी', 7, 'Doti'),
(553, 'कैलाली', 7, 'Kailali'),
(554, 'कञ्चनपुर', 7, 'Kanchanpur'),
(555, 'डडेलधुरा', 7, 'Dadeldhura'),
(556, 'बैतडी', 7, 'Baitadi'),
(557, 'दार्चुला', 7, 'Darchula');

-- --------------------------------------------------------

--
-- Table structure for table `settings_local_body`
--

CREATE TABLE `settings_local_body` (
  `id` int(11) NOT NULL,
  `name` text CHARACTER SET utf8 NOT NULL,
  `district_id` int(11) NOT NULL,
  `type` text CHARACTER SET utf8 NOT NULL,
  `english_name` varchar(255) NOT NULL
) ENGINE=InnoDB DEFAULT CHARSET=latin1;

--
-- Dumping data for table `settings_local_body`
--

INSERT INTO `settings_local_body` (`id`, `name`, `district_id`, `type`, `english_name`) VALUES
(2191, 'फुङलिङ नगरपालिका', 481, 'नगरपालिका', ''),
(2192, 'आठराई त्रिवेणी गाउँपालिका', 481, 'गाउँपालिका', ''),
(2193, 'सिदिङ्वा गाउँपालिका', 481, 'गाउँपालिका', ''),
(2194, 'फक्ताङलुङ गाउँपालिका', 481, 'गाउँपालिका', ''),
(2195, 'मिक्वाखोला गाउँपालिका', 481, 'गाउँपालिका', ''),
(2196, 'मेरिङदेन गाउँपालिका', 481, 'गाउँपालिका', ''),
(2197, 'मैवाखोला गाउँपालिका', 481, 'गाउँपालिका', ''),
(2198, 'याङवरक गाउँपालिका', 481, 'गाउँपालिका', ''),
(2199, 'सिरीजङ्घा गाउँपालिका', 481, 'गाउँपालिका', ''),
(2200, 'फिदिम नगरपालिका', 482, 'नगरपालिका', ''),
(2201, 'फालेलुंग गाउँपालिका', 482, 'गाउँपालिका', ''),
(2202, 'फाल्गुनन्द गाउँपालिका', 482, 'गाउँपालिका', ''),
(2203, 'हिलिहाङ गाउँपालिका', 482, 'गाउँपालिका', ''),
(2204, 'कुम्मायक गाउँपालिका', 482, 'गाउँपालिका', ''),
(2205, 'मिक्लाजुङ गाउँपालिका', 482, 'गाउँपालिका', ''),
(2206, 'तुम्बेवा गाउँपालिका', 482, 'गाउँपालिका', ''),
(2207, 'याङवरक गाउँपालिका', 482, 'गाउँपालिका', ''),
(2208, 'ईलाम नगरपालिका', 483, 'नगरपालिका', ''),
(2209, 'देउमाई नगरपालिका', 483, 'नगरपालिका', ''),
(2210, 'माई नगरपालिका', 483, 'नगरपालिका', ''),
(2211, 'सूर्योदय नगरपालिका', 483, 'नगरपालिका', ''),
(2212, 'फाकफोकथुम गाउँपालिका', 483, 'गाउँपालिका', ''),
(2213, 'चुलाचुली गाउँपालिका', 483, 'गाउँपालिका', ''),
(2214, 'माईजोगमाई गाउँपालिका', 483, 'गाउँपालिका', ''),
(2215, 'माङसेबुङ गाउँपालिका', 483, 'गाउँपालिका', ''),
(2216, 'रोङ गाउँपालिका', 483, 'गाउँपालिका', ''),
(2217, 'सन्दकपुर गाउँपालिका', 483, 'गाउँपालिका', ''),
(2218, 'मेचीनगर नगरपालिका', 484, 'नगरपालिका', ''),
(2219, 'दमक नगरपालिका', 484, 'नगरपालिका', ''),
(2220, 'कन्काई नगरपालिका', 484, 'नगरपालिका', ''),
(2221, 'भद्रपुर नगरपालिका', 484, 'नगरपालिका', ''),
(2222, 'अर्जुनधारा नगरपालिका', 484, 'नगरपालिका', ''),
(2223, 'शिवशताक्षी नगरपालिका', 484, 'नगरपालिका', ''),
(2224, 'गौरादह नगरपालिका', 484, 'नगरपालिका', ''),
(2225, 'विर्तामोड नगरपालिका', 484, 'नगरपालिका', ''),
(2226, 'कमल गाउँपालिका', 484, 'गाउँपालिका', ''),
(2227, 'गौरीगंज गाउँपालिका', 484, 'गाउँपालिका', ''),
(2228, 'बाह्रदशी गाउँपालिका', 484, 'गाउँपालिका', ''),
(2229, 'झापा गाउँपालिका', 484, 'गाउँपालिका', ''),
(2230, 'बुद्धशान्ति गाउँपालिका', 484, 'गाउँपालिका', ''),
(2231, 'हल्दिवारी गाउँपालिका', 484, 'गाउँपालिका', ''),
(2232, 'कचनकवल गाउँपालिका', 484, 'गाउँपालिका', ''),
(2233, 'विराटनगर महानगरपालिका', 485, 'महानगरपालिका', ''),
(2234, 'बेलवारी नगरपालिका', 485, 'नगरपालिका', ''),
(2235, 'लेटाङ नगरपालिका', 485, 'नगरपालिका', ''),
(2236, 'पथरी शनिश्चरे नगरपालिका', 485, 'नगरपालिका', ''),
(2237, 'रंगेली नगरपालिका', 485, 'नगरपालिका', ''),
(2238, 'रतुवामाई नगरपालिका', 485, 'नगरपालिका', ''),
(2239, 'सुनवर्षि नगरपालिका', 485, 'नगरपालिका', ''),
(2240, 'उर्लावारी नगरपालिका', 485, 'नगरपालिका', ''),
(2241, 'सुन्दरहरैचा नगरपालिका', 485, 'नगरपालिका', ''),
(2242, 'बुढीगंगा गाउँपालिका', 485, 'गाउँपालिका', ''),
(2243, 'धनपालथान गाउँपालिका', 485, 'गाउँपालिका', ''),
(2244, 'ग्रामथान गाउँपालिका', 485, 'गाउँपालिका', ''),
(2245, 'जहदा गाउँपालिका', 485, 'गाउँपालिका', ''),
(2246, 'कानेपोखरी गाउँपालिका', 485, 'गाउँपालिका', 'Kanepokhari Gaunpalika'),
(2247, 'कटहरी गाउँपालिका', 485, 'गाउँपालिका', ''),
(2248, 'केरावारी गाउँपालिका', 485, 'गाउँपालिका', ''),
(2249, 'मिक्लाजुङ गाउँपालिका', 485, 'गाउँपालिका', ''),
(2250, 'ईटहरी उपमहानगरपालिका', 486, 'उपमहानगरपालिका', ''),
(2251, 'धरान उपमहानगरपालिका', 486, 'उपमहानगरपालिका', ''),
(2252, 'ईनरुवा नगरपालिका', 486, 'नगरपालिका', ''),
(2253, 'दुहवी नगरपालिका', 486, 'नगरपालिका', ''),
(2254, 'रामधुनी नगरपालिका', 486, 'नगरपालिका', ''),
(2255, 'बराह नगरपालिका', 486, 'नगरपालिका', ''),
(2256, 'देवानगञ्ज गाउँपालिका', 486, 'गाउँपालिका', ''),
(2257, 'कोशी गाउँपालिका', 486, 'गाउँपालिका', ''),
(2258, 'गढी गाउँपालिका', 486, 'गाउँपालिका', ''),
(2259, 'बर्जु गाउँपालिका', 486, 'गाउँपालिका', ''),
(2260, 'भोक्राहा गाउँपालिका', 486, 'गाउँपालिका', ''),
(2261, 'हरिनगरा गाउँपालिका', 486, 'गाउँपालिका', ''),
(2262, 'पाख्रिबास नगरपालिका', 487, 'नगरपालिका', ''),
(2263, 'धनकुटा नगरपालिका', 487, 'नगरपालिका', ''),
(2264, 'महालक्ष्मी नगरपालिका', 487, 'नगरपालिका', ''),
(2265, 'साँगुरीगढी गाउँपालिका', 487, 'गाउँपालिका', ''),
(2266, 'खाल्सा छिन्ताङ सहिदभूमि गाउँपालिका', 487, 'गाउँपालिका', ''),
(2267, 'छथर जोरपाटी गाउँपालिका', 487, 'गाउँपालिका', ''),
(2268, 'चौविसे गाउँपालिका', 487, 'गाउँपालिका', ''),
(2269, 'म्याङलुङ नगरपालिका', 488, 'नगरपालिका', ''),
(2270, 'लालीगुराँस नगरपालिका', 488, 'नगरपालिका', ''),
(2271, 'आठराई गाउँपालिका', 488, 'गाउँपालिका', ''),
(2272, 'छथर गाउँपालिका', 488, 'गाउँपालिका', ''),
(2273, 'फेदाप गाउँपालिका', 488, 'गाउँपालिका', ''),
(2274, 'मेन्छयायेम गाउँपालिका', 488, 'गाउँपालिका', ''),
(2275, 'चैनपुर नगरपालिका', 489, 'नगरपालिका', ''),
(2276, 'धर्मदेवी नगरपालिका', 489, 'नगरपालिका', ''),
(2277, 'खाँदवारी नगरपालिका', 489, 'नगरपालिका', ''),
(2278, 'मादी नगरपालिका', 489, 'नगरपालिका', ''),
(2279, 'पाँचखपन नगरपालिका', 489, 'नगरपालिका', ''),
(2280, 'भोटखोला गाउँपालिका', 489, 'गाउँपालिका', ''),
(2281, 'चिचिला गाउँपालिका', 489, 'गाउँपालिका', ''),
(2282, 'मकालु गाउँपालिका', 489, 'गाउँपालिका', ''),
(2283, 'सभापोखरी गाउँपालिका', 489, 'गाउँपालिका', ''),
(2284, 'सिलीचोङ गाउँपालिका', 489, 'गाउँपालिका', ''),
(2285, 'भोजपुर नगरपालिका', 490, 'नगरपालिका', ''),
(2286, 'षडानन्द नगरपालिका', 490, 'नगरपालिका', ''),
(2287, 'ट्याम्केमैयुम गाउँपालिका', 490, 'गाउँपालिका', ''),
(2288, 'रामप्रसाद राई गाउँपालिका', 490, 'गाउँपालिका', ''),
(2289, 'अरुण गाउँपालिका', 490, 'गाउँपालिका', ''),
(2290, 'पौवादुङमा गाउँपालिका', 490, 'गाउँपालिका', ''),
(2291, 'साल्पासिलिछो गाउँपालिका', 490, 'गाउँपालिका', ''),
(2292, 'आमचोक गाउँपालिका', 490, 'गाउँपालिका', ''),
(2293, 'हतुवागढी गाउँपालिका', 490, 'गाउँपालिका', ''),
(2294, 'सोलुदुधकुण्ड नगरपालिका', 491, 'नगरपालिका', ''),
(2295, 'दुधकोसी गाउँपालिका', 491, 'गाउँपालिका', ''),
(2296, 'खुम्वु पासाङल्हमु गाउँपालिका', 491, 'गाउँपालिका', ''),
(2297, 'दुधकौशिका गाउँपालिका', 491, 'गाउँपालिका', ''),
(2298, 'नेचासल्यान गाउँपालिका', 491, 'गाउँपालिका', ''),
(2299, 'माहाकुलुङ गाउँपालिका', 491, 'गाउँपालिका', ''),
(2300, 'लिखु पिके गाउँपालिका', 491, 'गाउँपालिका', ''),
(2301, 'सोताङ गाउँपालिका', 491, 'गाउँपालिका', ''),
(2302, 'सिद्दिचरण नगरपालिका', 492, 'नगरपालिका', ''),
(2303, 'खिजिदेम्बा गाउँपालिका', 492, 'गाउँपालिका', ''),
(2304, 'चम्पादेवी गाउँपालिका', 492, 'गाउँपालिका', ''),
(2305, 'चिशंखुगढी गाउँपालिका', 492, 'गाउँपालिका', ''),
(2306, 'मानेभञ्याङ गाउँपालिका', 492, 'गाउँपालिका', ''),
(2307, 'मोलुङ गाउँपालिका', 492, 'गाउँपालिका', ''),
(2308, 'लिखु गाउँपालिका', 492, 'गाउँपालिका', ''),
(2309, 'सुनकोशी गाउँपालिका', 492, 'गाउँपालिका', ''),
(2310, 'हलेसी तुवाचुङ नगरपालिका', 493, 'नगरपालिका', ''),
(2311, 'रुपाकोट मझुवागढी नगरपालिका', 493, 'नगरपालिका', ''),
(2312, 'ऐसेलुखर्क गाउँपालिका', 493, 'गाउँपालिका', ''),
(2313, 'लामीडाँडा गाउँपालिका', 493, 'गाउँपालिका', ''),
(2314, 'जन्तेढुंगा गाउँपालिका', 493, 'गाउँपालिका', ''),
(2315, 'खोटेहाङ गाउँपालिका', 493, 'गाउँपालिका', ''),
(2316, 'केपिलासगढी गाउँपालिका', 493, 'गाउँपालिका', ''),
(2317, 'दिप्रुङ गाउँपालिका', 493, 'गाउँपालिका', ''),
(2318, 'साकेला गाउँपालिका', 493, 'गाउँपालिका', ''),
(2319, 'वराहपोखरी गाउँपालिका', 493, 'गाउँपालिका', ''),
(2320, 'कटारी नगरपालिका', 494, 'नगरपालिका', ''),
(2321, 'चौदण्डीगढी नगरपालिका', 494, 'नगरपालिका', ''),
(2322, 'त्रियुगा नगरपालिका', 494, 'नगरपालिका', ''),
(2323, 'वेलका नगरपालिका', 494, 'नगरपालिका', ''),
(2324, 'उदयपुरगढी गाउँपालिका', 494, 'गाउँपालिका', ''),
(2325, 'ताप्ली गाउँपालिका', 494, 'गाउँपालिका', ''),
(2326, 'रौतामाई गाउँपालिका', 494, 'गाउँपालिका', ''),
(2327, 'सुनकोशी गाउँपालिका', 494, 'गाउँपालिका', ''),
(2328, 'राजविराज नगरपालिका', 496, 'नगरपालिका', ''),
(2329, 'कञ्चनरुप नगरपालिका', 496, 'नगरपालिका', ''),
(2330, 'डाक्नेश्वरी नगरपालिका', 496, 'नगरपालिका', ''),
(2331, 'बोदेबरसाईन नगरपालिका', 496, 'नगरपालिका', ''),
(2332, 'खडक नगरपालिका', 496, 'नगरपालिका', ''),
(2333, 'शम्भुनाथ नगरपालिका', 496, 'नगरपालिका', ''),
(2334, 'सुरुङ्‍गा नगरपालिका', 496, 'नगरपालिका', ''),
(2335, 'हनुमाननगर कङ्‌कालिनी नगरपालिका', 496, 'नगरपालिका', ''),
(2336, 'सप्तकोशी नगरपालिका', 496, 'नगरपालिका', ''),
(2337, 'अग्निसाइर कृष्णासवरन गाउँपालिका', 496, 'गाउँपालिका', ''),
(2338, 'छिन्नमस्ता गाउँपालिका', 496, 'गाउँपालिका', ''),
(2339, 'महादेवा गाउँपालिका', 496, 'गाउँपालिका', ''),
(2340, 'तिरहुत गाउँपालिका', 496, 'गाउँपालिका', ''),
(2341, 'तिलाठी कोईलाडी गाउँपालिका', 496, 'गाउँपालिका', ''),
(2342, 'रुपनी गाउँपालिका', 496, 'गाउँपालिका', ''),
(2343, 'बेल्ही चपेना गाउँपालिका', 496, 'गाउँपालिका', ''),
(2344, 'बिष्णुपुर गाउँपालिका', 496, 'गाउँपालिका', ''),
(2345, 'बलान-बिहुल गाउँपालिका', 496, 'गाउँपालिका', ''),
(2346, 'लहान नगरपालिका', 497, 'नगरपालिका', ''),
(2347, 'धनगढीमाई नगरपालिका', 497, 'नगरपालिका', ''),
(2348, 'सिरहा नगरपालिका', 497, 'नगरपालिका', ''),
(2349, 'गोलबजार नगरपालिका', 497, 'नगरपालिका', ''),
(2350, 'मिर्चैयाँ नगरपालिका', 497, 'नगरपालिका', ''),
(2351, 'कल्याणपुर नगरपालिका', 497, 'नगरपालिका', ''),
(2352, 'कर्जन्हा नगरपालिका', 497, 'नगरपालिका', ''),
(2353, 'सुखीपुर नगरपालिका', 497, 'नगरपालिका', ''),
(2354, 'भगवानपुर गाउँपालिका', 497, 'गाउँपालिका', ''),
(2355, 'औरही गाउँपालिका', 497, 'गाउँपालिका', ''),
(2356, 'विष्णुपुर गाउँपालिका', 497, 'गाउँपालिका', ''),
(2357, 'बरियारपट्टी गाउँपालिका', 497, 'गाउँपालिका', ''),
(2358, 'लक्ष्मीपुर पतारी गाउँपालिका', 497, 'गाउँपालिका', ''),
(2359, 'नरहा गाउँपालिका', 497, 'गाउँपालिका', ''),
(2360, 'सखुवानान्कारकट्टी गाउँपालिका', 497, 'गाउँपालिका', ''),
(2361, 'अर्नमा गाउँपालिका', 497, 'गाउँपालिका', ''),
(2362, 'नवराजपुर गाउँपालिका', 497, 'गाउँपालिका', ''),
(2363, 'जनकपुर उपमहानगरपालिका', 498, 'उपमहानगरपालिका', ''),
(2364, 'क्षिरेश्वरनाथ नगरपालिका', 498, 'नगरपालिका', ''),
(2365, 'गणेशमान चारनाथ नगरपालिका', 498, 'नगरपालिका', ''),
(2366, 'धनुषाधाम नगरपालिका', 498, 'नगरपालिका', ''),
(2367, 'नगराइन नगरपालिका', 498, 'नगरपालिका', ''),
(2368, 'विदेह नगरपालिका', 498, 'नगरपालिका', ''),
(2369, 'मिथिला नगरपालिका', 498, 'नगरपालिका', ''),
(2370, 'शहीदनगर नगरपालिका', 498, 'नगरपालिका', ''),
(2371, 'सबैला नगरपालिका', 498, 'नगरपालिका', ''),
(2372, 'कमला नगरपालिका', 498, 'नगरपालिका', ''),
(2373, 'मिथिला बिहारी नगरपालिका', 498, 'नगरपालिका', ''),
(2374, 'हंसपुर नगरपालिका', 498, 'नगरपालिका', ''),
(2375, 'जनकनन्दिनी गाउँपालिका', 498, 'गाउँपालिका', ''),
(2376, 'बटेश्वर गाउँपालिका', 498, 'गाउँपालिका', ''),
(2377, 'मुखियापट्टी मुसहरमिया गाउँपालिका', 498, 'गाउँपालिका', ''),
(2378, 'लक्ष्मीनिया गाउँपालिका', 498, 'गाउँपालिका', ''),
(2379, 'औरही गाउँपालिका', 498, 'गाउँपालिका', ''),
(2380, 'धनौजी गाउँपालिका', 498, 'गाउँपालिका', ''),
(2381, 'जलेश्वर नगरपालिका', 499, 'नगरपालिका', ''),
(2382, 'बर्दिबास नगरपालिका', 499, 'नगरपालिका', ''),
(2383, 'गौशाला नगरपालिका', 499, 'नगरपालिका', ''),
(2384, 'लोहरपट्टी नगरपालिका', 499, 'नगरपालिका', ''),
(2385, 'रामगोपालपुर नगरपालिका', 499, 'नगरपालिका', ''),
(2386, 'मनरा शिसवा नगरपालिका', 499, 'नगरपालिका', ''),
(2387, 'मटिहानी नगरपालिका', 499, 'नगरपालिका', ''),
(2388, 'भँगाहा नगरपालिका', 499, 'नगरपालिका', ''),
(2389, 'बलवा नगरपालिका', 499, 'नगरपालिका', ''),
(2390, 'औरही नगरपालिका', 499, 'नगरपालिका', ''),
(2391, 'एकडारा गाउँपालिका', 499, 'गाउँपालिका', ''),
(2392, 'सोनमा गाउँपालिका', 499, 'गाउँपालिका', ''),
(2393, 'साम्सी गाउँपालिका', 499, 'गाउँपालिका', ''),
(2394, 'महोत्तरी गाउँपालिका', 499, 'गाउँपालिका', ''),
(2395, 'पिपरा गाउँपालिका', 499, 'गाउँपालिका', ''),
(2396, 'ईश्वरपुर नगरपालिका', 500, 'नगरपालिका', ''),
(2397, 'मलंगवा नगरपालिका', 500, 'नगरपालिका', ''),
(2398, 'लालबन्दी नगरपालिका', 500, 'नगरपालिका', ''),
(2399, 'हरिपुर नगरपालिका', 500, 'नगरपालिका', ''),
(2400, 'हरिपुर्वा नगरपालिका', 500, 'नगरपालिका', ''),
(2401, 'हरिवन नगरपालिका', 500, 'नगरपालिका', ''),
(2402, 'बरहथवा नगरपालिका', 500, 'नगरपालिका', ''),
(2403, 'बलरा नगरपालिका', 500, 'नगरपालिका', ''),
(2404, 'गोडैटा नगरपालिका', 500, 'नगरपालिका', ''),
(2405, 'बागमती नगरपालिका', 500, 'नगरपालिका', ''),
(2406, 'कविलासी नगरपालिका', 500, 'नगरपालिका', ''),
(2407, 'चक्रघट्टा गाउँपालिका', 500, 'गाउँपालिका', ''),
(2408, 'चन्द्रनगर गाउँपालिका', 500, 'गाउँपालिका', ''),
(2409, 'धनकौल गाउँपालिका', 500, 'गाउँपालिका', ''),
(2410, 'ब्रह्मपुरी गाउँपालिका', 500, 'गाउँपालिका', ''),
(2411, 'रामनगर गाउँपालिका', 500, 'गाउँपालिका', ''),
(2412, 'विष्णु गाउँपालिका', 500, 'गाउँपालिका', ''),
(2413, 'कौडेना गाउँपालिका', 500, 'गाउँपालिका', ''),
(2414, 'पर्सा गाउँपालिका', 500, 'गाउँपालिका', ''),
(2415, 'बसबरीया गाउँपालिका', 500, 'गाउँपालिका', ''),
(2416, 'चन्द्रपुर नगरपालिका', 501, 'नगरपालिका', ''),
(2417, 'गरुडा नगरपालिका', 501, 'नगरपालिका', ''),
(2418, 'गौर नगरपालिका', 501, 'नगरपालिका', ''),
(2419, 'बौधीमाई नगरपालिका', 501, 'नगरपालिका', ''),
(2420, 'बृन्दावन नगरपालिका', 501, 'नगरपालिका', ''),
(2421, 'देवाही गोनाही नगरपालिका', 501, 'नगरपालिका', ''),
(2422, 'गढीमाई नगरपालिका', 501, 'नगरपालिका', ''),
(2423, 'गुजरा नगरपालिका', 501, 'नगरपालिका', ''),
(2424, 'कटहरिया नगरपालिका', 501, 'नगरपालिका', ''),
(2425, 'माधव नारायण नगरपालिका', 501, 'नगरपालिका', ''),
(2426, 'मौलापुर नगरपालिका', 501, 'नगरपालिका', ''),
(2427, 'फतुवाबिजयपुर नगरपालिका', 501, 'नगरपालिका', ''),
(2428, 'ईशनाथ नगरपालिका', 501, 'नगरपालिका', ''),
(2429, 'परोहा नगरपालिका', 501, 'नगरपालिका', ''),
(2430, 'राजपुर नगरपालिका', 501, 'नगरपालिका', ''),
(2431, 'राजदेवी नगरपालिका', 501, 'नगरपालिका', ''),
(2432, 'दुर्गा भगवती गाउँपालिका', 501, 'गाउँपालिका', ''),
(2433, 'यमुनामाई गाउँपालिका', 501, 'गाउँपालिका', ''),
(2434, 'कलैया उपमहानगरपालिका', 502, 'उपमहानगरपालिका', ''),
(2435, 'जीतपुर सिमरा उपमहानगरपालिका', 502, 'उपमहानगरपालिका', ''),
(2436, 'कोल्हवी नगरपालिका', 502, 'नगरपालिका', ''),
(2437, 'निजगढ नगरपालिका', 502, 'नगरपालिका', ''),
(2438, 'महागढीमाई नगरपालिका', 502, 'नगरपालिका', ''),
(2439, 'सिम्रौनगढ नगरपालिका', 502, 'नगरपालिका', ''),
(2440, 'पचरौता नगरपालिका', 502, 'नगरपालिका', ''),
(2441, 'आदर्श कोटवाल गाउँपालिका', 502, 'गाउँपालिका', ''),
(2442, 'करैयामाई गाउँपालिका', 502, 'गाउँपालिका', ''),
(2443, 'देवताल गाउँपालिका', 502, 'गाउँपालिका', ''),
(2444, 'परवानीपुर गाउँपालिका', 502, 'गाउँपालिका', ''),
(2445, 'प्रसौनी गाउँपालिका', 502, 'गाउँपालिका', ''),
(2446, 'फेटा गाउँपालिका', 502, 'गाउँपालिका', ''),
(2447, 'बारागढीगाउँपालिका', 502, 'गाउँपालिका', ''),
(2448, 'सुवर्ण गाउँपालिका', 502, 'गाउँपालिका', ''),
(2449, 'विश्रामपुर गाउँपालिका', 502, 'गाउँपालिका', ''),
(2450, 'बिरगंज महानगरपालिका', 503, 'महानगरपालिका', ''),
(2451, 'पोखरिया नगरपालिका', 503, 'नगरपालिका', ''),
(2452, 'बहुदरमाई नगरपालिका', 503, 'नगरपालिका', ''),
(2453, 'पर्सागढी नगरपालिका', 503, 'नगरपालिका', ''),
(2454, 'ठोरी गाउँपालिका', 503, 'गाउँपालिका', ''),
(2455, 'जगरनाथपुर गाउँपालिका', 503, 'गाउँपालिका', ''),
(2456, 'धोबीनी गाउँपालिका', 503, 'गाउँपालिका', ''),
(2457, 'छिपहरमाई गाउँपालिका', 503, 'गाउँपालिका', ''),
(2458, 'पकाहा मैनपुर गाउँपालिका', 503, 'गाउँपालिका', ''),
(2459, 'बिन्दबासिनी गाउँपालिका', 503, 'गाउँपालिका', ''),
(2460, 'सखुवा प्रसौनी गाउँपालिका', 503, 'गाउँपालिका', ''),
(2461, 'पटेर्वा सुगौली गाउँपालिका', 503, 'गाउँपालिका', ''),
(2462, 'कालिकामाई गाउँपालिका', 503, 'गाउँपालिका', ''),
(2463, 'जिरा भवानी गाउँपालिका', 503, 'गाउँपालिका', ''),
(2464, 'कमलामाई नगरपालिका', 504, 'नगरपालिका', ''),
(2465, 'दुधौली नगरपालिका', 504, 'नगरपालिका', ''),
(2466, 'गोलन्जर गाउँपालिका', 504, 'गाउँपालिका', ''),
(2467, 'घ्याङलेख गाउँपालिका', 504, 'गाउँपालिका', ''),
(2468, 'तीनपाटन गाउँपालिका', 504, 'गाउँपालिका', ''),
(2469, 'फिक्कल गाउँपालिका', 504, 'गाउँपालिका', ''),
(2470, 'मरिण गाउँपालिका', 504, 'गाउँपालिका', ''),
(2471, 'सुनकोशी गाउँपालिका', 504, 'गाउँपालिका', ''),
(2472, 'हरिहरपुरगढी गाउँपालिका', 504, 'गाउँपालिका', ''),
(2473, 'मन्थली नगरपालिका', 505, 'नगरपालिका', ''),
(2474, 'रामेछाप नगरपालिका', 505, 'नगरपालिका', ''),
(2475, 'उमाकुण्ड गाउँपालिका', 505, 'गाउँपालिका', ''),
(2476, 'खाँडादेवी गाउँपालिका', 505, 'गाउँपालिका', ''),
(2477, 'गोकुलगङ्गा गाउँपालिका', 505, 'गाउँपालिका', ''),
(2478, 'दोरम्बा गाउँपालिका', 505, 'गाउँपालिका', ''),
(2479, 'लिखु गाउँपालिका', 505, 'गाउँपालिका', ''),
(2480, 'सुनापती गाउँपालिका', 505, 'गाउँपालिका', ''),
(2481, 'जिरी नगरपालिका', 506, 'नगरपालिका', ''),
(2482, 'भिमेश्वर नगरपालिका', 506, 'नगरपालिका', ''),
(2483, 'कालिन्चोक गाउँपालिका', 506, 'गाउँपालिका', ''),
(2484, 'गौरीशङ्कर गाउँपालिका', 506, 'गाउँपालिका', ''),
(2485, 'तामाकोशी गाउँपालिका', 506, 'गाउँपालिका', ''),
(2486, 'मेलुङ्ग गाउँपालिका', 506, 'गाउँपालिका', ''),
(2487, 'विगु गाउँपालिका', 506, 'गाउँपालिका', ''),
(2488, 'वैतेश्वर गाउँपालिका', 506, 'गाउँपालिका', ''),
(2489, 'शैलुङ्ग गाउँपालिका', 506, 'गाउँपालिका', ''),
(2490, 'चौतारा साँगाचोकगढी नगरपालिका', 507, 'नगरपालिका', ''),
(2491, 'बाह्रविसे नगरपालिका', 507, 'नगरपालिका', ''),
(2492, 'मेलम्ची नगरपालिका', 507, 'नगरपालिका', ''),
(2493, 'ईन्द्रावती गाउँपालिका', 507, 'गाउँपालिका', ''),
(2494, 'जुगल गाउँपालिका', 507, 'गाउँपालिका', ''),
(2495, 'पाँचपोखरी थाङपाल गाउँपालिका', 507, 'गाउँपालिका', ''),
(2496, 'बलेफी गाउँपालिका', 507, 'गाउँपालिका', ''),
(2497, 'भोटेकोशी गाउँपालिका', 507, 'गाउँपालिका', ''),
(2498, 'लिसङ्खु पाखर गाउँपालिका', 507, 'गाउँपालिका', ''),
(2499, 'सुनकोशी गाउँपालिका', 507, 'गाउँपालिका', ''),
(2500, 'हेलम्बु गाउँपालिका', 507, 'गाउँपालिका', ''),
(2501, 'त्रिपुरासुन्दरी गाउँपालिका', 507, 'गाउँपालिका', ''),
(2502, 'धुलिखेल नगरपालिका', 508, 'नगरपालिका', ''),
(2503, 'बनेपा नगरपालिका', 508, 'नगरपालिका', ''),
(2504, 'पनौती नगरपालिका', 508, 'नगरपालिका', ''),
(2505, 'पाँचखाल नगरपालिका', 508, 'नगरपालिका', ''),
(2506, 'नमोबुद्ध नगरपालिका', 508, 'नगरपालिका', ''),
(2507, 'मण्डनदेउपुर नगरपालिका', 508, 'नगरपालिका', ''),
(2508, 'खानीखोला गाउँपालिका', 508, 'गाउँपालिका', ''),
(2509, 'चौंरीदेउराली गाउँपालिका', 508, 'गाउँपालिका', ''),
(2510, 'तेमाल गाउँपालिका', 508, 'गाउँपालिका', ''),
(2511, 'बेथानचोक गाउँपालिका', 508, 'गाउँपालिका', ''),
(2512, 'भुम्लु गाउँपालिका', 508, 'गाउँपालिका', ''),
(2513, 'महाभारत गाउँपालिका', 508, 'गाउँपालिका', ''),
(2514, 'रोशी गाउँपालिका', 508, 'गाउँपालिका', ''),
(2515, 'ललितपुर महानगरपालिका', 509, 'महानगरपालिका', ''),
(2516, 'गोदावरी नगरपालिका', 509, 'नगरपालिका', ''),
(2517, 'महालक्ष्मी नगरपालिका', 509, 'नगरपालिका', ''),
(2518, 'कोन्ज्योसोम गाउँपालिका', 509, 'गाउँपालिका', ''),
(2519, 'बागमती गाउँपालिका', 509, 'गाउँपालिका', ''),
(2520, 'महाङ्काल गाउँपालिका', 509, 'गाउँपालिका', ''),
(2521, 'चाँगुनारायण नगरपालिका', 510, 'नगरपालिका', ''),
(2522, 'भक्तपुर नगरपालिका', 510, 'नगरपालिका', ''),
(2523, 'मध्यपुर थिमी नगरपालिका', 510, 'नगरपालिका', ''),
(2524, 'सूर्यविनायक नगरपालिका', 510, 'नगरपालिका', ''),
(2525, 'काठमाण्डौं महानगरपालिका', 511, 'महानगरपालिका', ''),
(2526, 'कागेश्वरी मनोहरा नगरपालिका', 511, 'नगरपालिका', ''),
(2527, 'कीर्तिपुर नगरपालिका', 511, 'नगरपालिका', ''),
(2528, 'गोकर्णेश्वर नगरपालिका', 511, 'नगरपालिका', ''),
(2529, 'चन्द्रागिरी नगरपालिका', 511, 'नगरपालिका', ''),
(2530, 'टोखा नगरपालिका', 511, 'नगरपालिका', ''),
(2531, 'तारकेश्वर नगरपालिका', 511, 'नगरपालिका', ''),
(2532, 'दक्षिणकाली नगरपालिका', 511, 'नगरपालिका', ''),
(2533, 'नागार्जुन नगरपालिका', 511, 'नगरपालिका', ''),
(2534, 'बुढानिलकण्ठ नगरपालिका', 511, 'नगरपालिका', ''),
(2535, 'शङ्खरापुर नगरपालिका', 511, 'नगरपालिका', ''),
(2536, 'विदुर नगरपालिका', 512, 'नगरपालिका', ''),
(2537, 'बेलकोटगढी नगरपालिका', 512, 'नगरपालिका', ''),
(2538, 'ककनी गाउँपालिका', 512, 'गाउँपालिका', ''),
(2539, 'किस्पाङ गाउँपालिका', 512, 'गाउँपालिका', ''),
(2540, 'तादी गाउँपालिका', 512, 'गाउँपालिका', ''),
(2541, 'तारकेश्वर गाउँपालिका', 512, 'गाउँपालिका', ''),
(2542, 'दुप्चेश्वर गाउँपालिका', 512, 'गाउँपालिका', ''),
(2543, 'पञ्चकन्या गाउँपालिका', 512, 'गाउँपालिका', ''),
(2544, 'लिखु गाउँपालिका', 512, 'गाउँपालिका', ''),
(2545, 'मेघाङ गाउँपालिका', 512, 'गाउँपालिका', ''),
(2546, 'शिवपुरी गाउँपालिका', 512, 'गाउँपालिका', ''),
(2547, 'सुर्यगढी गाउँपालिका', 512, 'गाउँपालिका', ''),
(2548, 'उत्तरगया गाउँपालिका', 513, 'गाउँपालिका', ''),
(2549, 'कालिका गाउँपालिका', 513, 'गाउँपालिका', ''),
(2550, 'गोसाईकुण्ड गाउँपालिका', 513, 'गाउँपालिका', ''),
(2551, 'नौकुण्ड गाउँपालिका', 513, 'गाउँपालिका', ''),
(2552, 'पार्वतीकुण्ड गाउँपालिका', 513, 'गाउँपालिका', ''),
(2553, 'धुनीबेंशी नगरपालिका', 514, 'नगरपालिका', ''),
(2554, 'निलकण्ठ नगरपालिका', 514, 'नगरपालिका', ''),
(2555, 'खनियाबास गाउँपालिका', 514, 'गाउँपालिका', ''),
(2556, 'गजुरी गाउँपालिका', 514, 'गाउँपालिका', ''),
(2557, 'गल्छी गाउँपालिका', 514, 'गाउँपालिका', ''),
(2558, 'गङ्गाजमुना गाउँपालिका', 514, 'गाउँपालिका', ''),
(2559, 'ज्वालामूखी गाउँपालिका', 514, 'गाउँपालिका', ''),
(2560, 'थाक्रे गाउँपालिका', 514, 'गाउँपालिका', ''),
(2561, 'नेत्रावति गाउँपालिका', 514, 'गाउँपालिका', ''),
(2562, 'बेनीघाट रोराङ गाउँपालिका', 514, 'गाउँपालिका', ''),
(2563, 'रुवी भ्याली गाउँपालिका', 514, 'गाउँपालिका', ''),
(2564, 'सिद्धलेक गाउँपालिका', 514, 'गाउँपालिका', ''),
(2565, 'त्रिपुरासुन्दरी गाउँपालिका', 514, 'गाउँपालिका', ''),
(2566, 'हेटौडा उपमहानगरपालिका', 515, 'उपमहानगरपालिका', ''),
(2567, 'थाहा नगरपालिका', 515, 'नगरपालिका', ''),
(2568, 'इन्द्रसरोबर गाउँपालिका', 515, 'गाउँपालिका', ''),
(2569, 'कैलाश गाउँपालिका', 515, 'गाउँपालिका', ''),
(2570, 'बकैया गाउँपालिका', 515, 'गाउँपालिका', ''),
(2571, 'बाग्मति गाउँपालिका', 515, 'गाउँपालिका', ''),
(2572, 'भिमफेदी गाउँपालिका', 515, 'गाउँपालिका', ''),
(2573, 'मकवानपुरगढी गाउँपालिका', 515, 'गाउँपालिका', ''),
(2574, 'मनहरी गाउँपालिका', 515, 'गाउँपालिका', ''),
(2575, 'राक्सिराङ्ग गाउँपालिका', 515, 'गाउँपालिका', ''),
(2576, 'भरतपुर महानगरपालिका', 516, 'महानगरपालिका', ''),
(2577, 'कालिका नगरपालिका', 516, 'नगरपालिका', ''),
(2578, 'खैरहनी नगरपालिका', 516, 'नगरपालिका', ''),
(2579, 'माडी नगरपालिका', 516, 'नगरपालिका', ''),
(2580, 'रत्ननगर नगरपालिका', 516, 'नगरपालिका', ''),
(2581, 'राप्ती नगरपालिका', 516, 'नगरपालिका', ''),
(2582, 'इच्छाकामना गाउँपालिका', 516, 'गाउँपालिका', ''),
(2583, 'गोरखा नगरपालिका', 517, 'नगरपालिका', ''),
(2584, 'पालुङटार नगरपालिका', 517, 'नगरपालिका', ''),
(2585, 'सुलीकोट गाउँपालिका', 517, 'गाउँपालिका', ''),
(2586, 'सिरानचोक गाउँपालिका', 517, 'गाउँपालिका', ''),
(2587, 'अजिरकोट गाउँपालिका', 517, 'गाउँपालिका', ''),
(2588, 'आरूघाट गाउँपालिका', 517, 'गाउँपालिका', ''),
(2589, 'गण्डकी गाउँपालिका', 517, 'गाउँपालिका', ''),
(2590, 'चुमनुव्री गाउँपालिका', 517, 'गाउँपालिका', ''),
(2591, 'धार्चे गाउँपालिका', 517, 'गाउँपालिका', ''),
(2592, 'भिमसेन गाउँपालिका', 517, 'गाउँपालिका', ''),
(2593, 'शहिद लखन गाउँपालिका', 517, 'गाउँपालिका', ''),
(2594, 'बेसीशहर नगरपालिका', 518, 'नगरपालिका', ''),
(2595, 'मध्यनेपाल नगरपालिका', 518, 'नगरपालिका', ''),
(2596, 'रार्इनास नगरपालिका', 518, 'नगरपालिका', ''),
(2597, 'सुन्दरबजार नगरपालिका', 518, 'नगरपालिका', ''),
(2598, 'क्व्होलासोथार गाउँपालिका', 518, 'गाउँपालिका', ''),
(2599, 'दूधपोखरी गाउँपालिका', 518, 'गाउँपालिका', ''),
(2600, 'दोर्दी गाउँपालिका', 518, 'गाउँपालिका', ''),
(2601, 'मर्स्याङदी गाउँपालिका', 518, 'गाउँपालिका', ''),
(2602, 'भानु नगरपालिका', 519, 'नगरपालिका', ''),
(2603, 'भिमाद नगरपालिका', 519, 'नगरपालिका', ''),
(2604, 'व्यास नगरपालिका', 519, 'नगरपालिका', ''),
(2605, 'शुक्लागण्डकी नगरपालिका', 519, 'नगरपालिका', ''),
(2606, 'आँबुखैरेनी गाउँपालिका', 519, 'गाउँपालिका', ''),
(2607, 'ऋषिङ्ग गाउँपालिका', 519, 'गाउँपालिका', ''),
(2608, 'घिरिङ गाउँपालिका', 519, 'गाउँपालिका', ''),
(2609, 'देवघाट गाउँपालिका', 519, 'गाउँपालिका', ''),
(2610, 'म्याग्दे गाउँपालिका', 519, 'गाउँपालिका', ''),
(2611, 'वन्दिपुर गाउँपालिका', 519, 'गाउँपालिका', ''),
(2612, 'गल्याङ नगरपालिका', 520, 'नगरपालिका', ''),
(2613, 'चापाकोट नगरपालिका', 520, 'नगरपालिका', ''),
(2614, 'पुतलीबजार नगरपालिका', 520, 'नगरपालिका', ''),
(2615, 'भीरकोट नगरपालिका', 520, 'नगरपालिका', ''),
(2616, 'वालिङ नगरपालिका', 520, 'नगरपालिका', ''),
(2617, 'अर्जुनचौपारी गाउँपालिका', 520, 'गाउँपालिका', ''),
(2618, 'आँधिखोला गाउँपालिका', 520, 'गाउँपालिका', ''),
(2619, 'कालीगण्डकी गाउँपालिका', 520, 'गाउँपालिका', ''),
(2620, 'फेदीखोला गाउँपालिका', 520, 'गाउँपालिका', ''),
(2621, 'बिरुवा गाउँपालिका', 520, 'गाउँपालिका', ''),
(2622, 'हरिनास गाउँपालिका', 520, 'गाउँपालिका', ''),
(2623, 'पोखरा लेखनाथ महानगरपालिका', 521, 'महानगरपालिका', ''),
(2624, 'अन्नपूर्ण गाउँपालिका', 521, 'गाउँपालिका', ''),
(2625, 'माछापुच्छ्रे गाउँपालिका', 521, 'गाउँपालिका', ''),
(2626, 'मादी गाउँपालिका', 521, 'गाउँपालिका', ''),
(2627, 'रूपा गाउँपालिका', 521, 'गाउँपालिका', ''),
(2628, 'चामे गाउँपालिका', 0, 'गाउँपालिका', ''),
(2629, 'नारफू गाउँपालिका', 0, 'गाउँपालिका', ''),
(2630, 'नाशोङ गाउँपालिका', 0, 'गाउँपालिका', ''),
(2631, 'नेस्याङ गाउँपालिका', 0, 'गाउँपालिका', ''),
(2632, 'घरपझोङ गाउँपालिका', 522, 'गाउँपालिका', ''),
(2633, 'थासाङ गाउँपालिका', 522, 'गाउँपालिका', ''),
(2634, 'दालोमे गाउँपालिका', 522, 'गाउँपालिका', ''),
(2635, 'लोमन्थाङ गाउँपालिका', 522, 'गाउँपालिका', ''),
(2636, 'वाह्रगाउँ मुक्तिक्षेत्र गाउँपालिका', 522, 'गाउँपालिका', ''),
(2637, 'बेनी नगरपालिका', 523, 'नगरपालिका', ''),
(2638, 'अन्नपूर्ण गाउँपालिका', 523, 'गाउँपालिका', ''),
(2639, 'धवलागिरी गाउँपालिका', 523, 'गाउँपालिका', ''),
(2640, 'मंगला गाउँपालिका', 523, 'गाउँपालिका', ''),
(2641, 'मालिका गाउँपालिका', 523, 'गाउँपालिका', ''),
(2642, 'रघुगंगा गाउँपालिका', 523, 'गाउँपालिका', ''),
(2643, 'कुश्मा नगरपालिका', 524, 'नगरपालिका', ''),
(2644, 'फलेवास नगरपालिका', 524, 'नगरपालिका', ''),
(2645, 'जलजला गाउँपालिका', 524, 'गाउँपालिका', ''),
(2646, 'पैयूं गाउँपालिका', 524, 'गाउँपालिका', ''),
(2647, 'महाशिला गाउँपालिका', 524, 'गाउँपालिका', ''),
(2648, 'मोदी गाउँपालिका', 524, 'गाउँपालिका', ''),
(2649, 'विहादी गाउँपालिका', 524, 'गाउँपालिका', ''),
(2650, 'बागलुङ नगरपालिका', 525, 'नगरपालिका', ''),
(2651, 'गल्कोट नगरपालिका', 525, 'नगरपालिका', ''),
(2652, 'जैमूनी नगरपालिका', 525, 'नगरपालिका', ''),
(2653, 'ढोरपाटन नगरपालिका', 525, 'नगरपालिका', ''),
(2654, 'वरेङ गाउँपालिका', 525, 'गाउँपालिका', ''),
(2655, 'काठेखोला गाउँपालिका', 525, 'गाउँपालिका', ''),
(2656, 'तमानखोला गाउँपालिका', 525, 'गाउँपालिका', ''),
(2657, 'ताराखोला गाउँपालिका', 525, 'गाउँपालिका', ''),
(2658, 'निसीखोला गाउँपालिका', 525, 'गाउँपालिका', ''),
(2659, 'वडिगाड गाउँपालिका', 525, 'गाउँपालिका', ''),
(2660, 'कावासोती नगरपालिका', 526, 'नगरपालिका', ''),
(2661, 'गैडाकोट नगरपालिका', 526, 'नगरपालिका', ''),
(2662, 'देवचुली नगरपालिका', 526, 'नगरपालिका', ''),
(2663, 'मध्यविन्दु नगरपालिका', 526, 'नगरपालिका', ''),
(2664, 'बुङ्दीकाली गाउँपालिका', 526, 'गाउँपालिका', ''),
(2665, 'बुलिङटार गाउँपालिका', 526, 'गाउँपालिका', ''),
(2666, 'विनयी त्रिवेणी गाउँपालिका', 526, 'गाउँपालिका', ''),
(2667, 'हुप्सेकोट गाउँपालिका', 526, 'गाउँपालिका', ''),
(2668, 'मुसिकोट नगरपालिका', 527, 'नगरपालिका', ''),
(2669, 'रेसुङ्गा नगरपालिका', 527, 'नगरपालिका', ''),
(2670, 'ईस्मा गाउँपालिका', 527, 'गाउँपालिका', ''),
(2671, 'कालीगण्डकी गाउँपालिका', 527, 'गाउँपालिका', ''),
(2672, 'गुल्मी दरबार गाउँपालिका', 527, 'गाउँपालिका', ''),
(2673, 'सत्यवती गाउँपालिका', 527, 'गाउँपालिका', ''),
(2674, 'चन्द्रकोट गाउँपालिका', 527, 'गाउँपालिका', ''),
(2675, 'रुरु गाउँपालिका', 527, 'गाउँपालिका', ''),
(2676, 'छत्रकोट गाउँपालिका', 527, 'गाउँपालिका', ''),
(2677, 'धुर्कोट गाउँपालिका', 527, 'गाउँपालिका', ''),
(2678, 'मदाने गाउँपालिका', 527, 'गाउँपालिका', ''),
(2679, 'मालिका गाउँपालिका', 527, 'गाउँपालिका', ''),
(2680, 'रामपुर नगरपालिका', 528, 'नगरपालिका', ''),
(2681, 'तानसेन नगरपालिका', 528, 'नगरपालिका', ''),
(2682, 'निस्दी गाउँपालिका', 528, 'गाउँपालिका', ''),
(2683, 'पूर्वखोला गाउँपालिका', 528, 'गाउँपालिका', ''),
(2684, 'रम्भा गाउँपालिका', 528, 'गाउँपालिका', ''),
(2685, 'माथागढी गाउँपालिका', 528, 'गाउँपालिका', ''),
(2686, 'तिनाउ गाउँपालिका', 528, 'गाउँपालिका', ''),
(2687, 'बगनासकाली गाउँपालिका', 528, 'गाउँपालिका', ''),
(2688, 'रिब्दिकोट गाउँपालिका', 528, 'गाउँपालिका', ''),
(2689, 'रैनादेवी छहरा गाउँपालिका', 528, 'गाउँपालिका', ''),
(2690, 'बुटवल उपमहानगरपालिका', 529, 'उपमहानगरपालिका', ''),
(2691, 'देवदह नगरपालिका', 529, 'नगरपालिका', ''),
(2692, 'लुम्बिनी सांस्कृतिक नगरपालिका', 529, 'नगरपालिका', ''),
(2693, 'सैनामैना नगरपालिका', 529, 'नगरपालिका', ''),
(2694, 'सिद्धार्थनगर नगरपालिका', 529, 'नगरपालिका', ''),
(2695, 'तिलोत्तमा नगरपालिका', 529, 'नगरपालिका', ''),
(2696, 'गैडहवा गाउँपालिका', 529, 'गाउँपालिका', ''),
(2697, 'कन्चन गाउँपालिका', 529, 'गाउँपालिका', ''),
(2698, 'कोटहीमाई गाउँपालिका', 529, 'गाउँपालिका', ''),
(2699, 'मर्चवारी गाउँपालिका', 529, 'गाउँपालिका', ''),
(2700, 'मायादेवी गाउँपालिका', 529, 'गाउँपालिका', ''),
(2701, 'ओमसतिया गाउँपालिका', 529, 'गाउँपालिका', ''),
(2702, 'रोहिणी गाउँपालिका', 529, 'गाउँपालिका', ''),
(2703, 'सम्मरीमाई गाउँपालिका', 529, 'गाउँपालिका', ''),
(2704, 'सियारी गाउँपालिका', 529, 'गाउँपालिका', ''),
(2705, 'शुद्धोधन गाउँपालिका', 529, 'गाउँपालिका', ''),
(2706, 'कपिलवस्तु नगरपालिका', 530, 'नगरपालिका', ''),
(2707, 'बुद्धभूमी नगरपालिका', 530, 'नगरपालिका', ''),
(2708, 'शिवराज नगरपालिका', 530, 'नगरपालिका', ''),
(2709, 'महाराजगंज नगरपालिका', 530, 'नगरपालिका', ''),
(2710, 'कृष्णनगर नगरपालिका', 530, 'नगरपालिका', ''),
(2711, 'बाणगंगा नगरपालिका', 530, 'नगरपालिका', ''),
(2712, 'मायादेवी गाउँपालिका', 530, 'गाउँपालिका', ''),
(2713, 'यसोधरा गाउँपालिका', 530, 'गाउँपालिका', ''),
(2714, 'सुद्धोधन गाउँपालिका', 530, 'गाउँपालिका', ''),
(2715, 'विजयनगर गाउँपालिका', 530, 'गाउँपालिका', ''),
(2716, 'सन्धिखर्क नगरपालिका', 531, 'नगरपालिका', ''),
(2717, 'शितगंगा नगरपालिका', 531, 'नगरपालिका', ''),
(2718, 'भूमिकास्थान नगरपालिका', 531, 'नगरपालिका', ''),
(2719, 'छत्रदेव गाउँपालिका', 531, 'गाउँपालिका', ''),
(2720, 'पाणिनी गाउँपालिका', 531, 'गाउँपालिका', ''),
(2721, 'मालारानी गाउँपालिका', 531, 'गाउँपालिका', ''),
(2722, 'प्यूठान नगरपालिका', 532, 'नगरपालिका', ''),
(2723, 'स्वर्गद्वारी नगरपालिका', 532, 'नगरपालिका', ''),
(2724, 'गौमुखी गाउँपालिका', 532, 'गाउँपालिका', ''),
(2725, 'माण्डवी गाउँपालिका', 532, 'गाउँपालिका', ''),
(2726, 'सरुमारानी गाउँपालिका', 532, 'गाउँपालिका', ''),
(2727, 'मल्लरानी गाउँपालिका', 532, 'गाउँपालिका', ''),
(2728, 'नौवहिनी गाउँपालिका', 532, 'गाउँपालिका', ''),
(2729, 'झिमरुक गाउँपालिका', 532, 'गाउँपालिका', ''),
(2730, 'ऐरावती गाउँपालिका', 532, 'गाउँपालिका', ''),
(2731, 'रोल्पा नगरपालिका', 533, 'नगरपालिका', ''),
(2732, 'त्रिवेणी गाउँपालिका', 533, 'गाउँपालिका', ''),
(2733, 'दुईखोली गाउँपालिका', 533, 'गाउँपालिका', ''),
(2734, 'माडी गाउँपालिका', 533, 'गाउँपालिका', ''),
(2735, 'रुन्टीगढी गाउँपालिका', 533, 'गाउँपालिका', ''),
(2736, 'लुङग्री गाउँपालिका', 533, 'गाउँपालिका', ''),
(2737, 'सुकिदह गाउँपालिका', 533, 'गाउँपालिका', ''),
(2738, 'सुनछहरी गाउँपालिका', 533, 'गाउँपालिका', ''),
(2739, 'सुवर्णावती गाउँपालिका', 533, 'गाउँपालिका', ''),
(2740, 'थवाङ गाउँपालिका', 533, 'गाउँपालिका', ''),
(2741, 'पुथा उत्तरगंगा गाउँपालिका', 534, 'गाउँपालिका', ''),
(2742, 'भूमे गाउँपालिका', 534, 'गाउँपालिका', ''),
(2743, 'सिस्ने गाउँपालिका', 534, 'गाउँपालिका', ''),
(2744, 'तुल्सीपुर उपमहानगरपालिका', 535, 'उपमहानगरपालिका', ''),
(2745, 'घोराही उपमहानगरपालिका', 535, 'उपमहानगरपालिका', ''),
(2746, 'लमही नगरपालिका', 535, 'नगरपालिका', ''),
(2747, 'बंगलाचुली गाउँपालिका', 535, 'गाउँपालिका', ''),
(2748, 'दंगीशरण गाउँपालिका', 535, 'गाउँपालिका', ''),
(2749, 'गढवा गाउँपालिका', 535, 'गाउँपालिका', ''),
(2750, 'राजपुर गाउँपालिका', 535, 'गाउँपालिका', ''),
(2751, 'राप्ती गाउँपालिका', 535, 'गाउँपालिका', ''),
(2752, 'शान्तिनगर गाउँपालिका', 535, 'गाउँपालिका', ''),
(2753, 'बबई गाउँपालिका', 535, 'गाउँपालिका', ''),
(2754, 'नेपालगंज उपमहानगरपालिका', 536, 'उपमहानगरपालिका', ''),
(2755, 'कोहलपुर नगरपालिका', 536, 'नगरपालिका', ''),
(2756, 'नरैनापुर गाउँपालिका', 536, 'गाउँपालिका', ''),
(2757, 'राप्तीसोनारी गाउँपालिका', 536, 'गाउँपालिका', ''),
(2758, 'बैजनाथ गाउँपालिका', 536, 'गाउँपालिका', ''),
(2759, 'खजुरा गाउँपालिका', 536, 'गाउँपालिका', ''),
(2760, 'डुडुवा गाउँपालिका', 536, 'गाउँपालिका', ''),
(2761, 'जानकी गाउँपालिका', 536, 'गाउँपालिका', ''),
(2762, 'गुलरिया नगरपालिका', 537, 'नगरपालिका', ''),
(2763, 'मधुवन नगरपालिका', 537, 'नगरपालिका', ''),
(2764, 'राजापुर नगरपालिका', 537, 'नगरपालिका', ''),
(2765, 'ठाकुरबाबा नगरपालिका', 537, 'नगरपालिका', ''),
(2766, 'बाँसगढी नगरपालिका', 537, 'नगरपालिका', ''),
(2767, 'बारबर्दिया नगरपालिका', 537, 'नगरपालिका', ''),
(2768, 'बढैयाताल गाउँपालिका', 537, 'गाउँपालिका', ''),
(2769, 'गेरुवा गाउँपालिका', 537, 'गाउँपालिका', ''),
(2770, 'बर्दघाट नगरपालिका', 538, 'नगरपालिका', ''),
(2771, 'रामग्राम नगरपालिका', 538, 'नगरपालिका', ''),
(2772, 'सुनवल नगरपालिका', 538, 'नगरपालिका', ''),
(2773, 'सुस्ता गाउँपालिका', 538, 'गाउँपालिका', ''),
(2774, 'पाल्हीनन्दन गाउँपालिका', 538, 'गाउँपालिका', ''),
(2775, 'प्रतापपुर गाउँपालिका', 538, 'गाउँपालिका', ''),
(2776, 'सरावल गाउँपालिका', 538, 'गाउँपालिका', ''),
(2777, 'मुसिकोट नगरपालिका', 539, 'नगरपालिका', ''),
(2778, 'चौरजहारी नगरपालिका', 539, 'नगरपालिका', ''),
(2779, 'आठबिसकोट नगरपालिका', 539, 'नगरपालिका', ''),
(2780, 'बाँफिकोट गाउँपालिका', 539, 'गाउँपालिका', ''),
(2781, 'त्रिवेणी गाउँपालिका', 539, 'गाउँपालिका', ''),
(2782, 'सानी भेरी गाउँपालिका', 539, 'गाउँपालिका', ''),
(2783, 'शारदा नगरपालिका', 540, 'नगरपालिका', ''),
(2784, 'बागचौर नगरपालिका', 540, 'नगरपालिका', ''),
(2785, 'बनगाड कुपिण्डे नगरपालिका', 540, 'नगरपालिका', ''),
(2786, 'कालिमाटी गाउँपालिका', 540, 'गाउँपालिका', ''),
(2787, 'त्रिवेणी गाउँपालिका', 540, 'गाउँपालिका', ''),
(2788, 'कपुरकोट गाउँपालिका', 540, 'गाउँपालिका', ''),
(2789, 'छत्रेश्वरी गाउँपालिका', 540, 'गाउँपालिका', ''),
(2790, 'ढोरचौर गाउँपालिका', 540, 'गाउँपालिका', ''),
(2791, 'कुमाखमालिका गाउँपालिका', 540, 'गाउँपालिका', ''),
(2792, 'दार्मा गाउँपालिका', 540, 'गाउँपालिका', ''),
(2793, 'बीरेन्द्रनगर नगरपालिका', 541, 'नगरपालिका', ''),
(2794, 'भेरीगंगा नगरपालिका', 541, 'नगरपालिका', ''),
(2795, 'गुर्भाकोट नगरपालिका', 541, 'नगरपालिका', ''),
(2796, 'पञ्चपुरी नगरपालिका', 541, 'नगरपालिका', ''),
(2797, 'लेकवेशी नगरपालिका', 541, 'नगरपालिका', ''),
(2798, 'चौकुने गाउँपालिका', 541, 'गाउँपालिका', ''),
(2799, 'बराहताल गाउँपालिका', 541, 'गाउँपालिका', ''),
(2800, 'चिङ्गाड गाउँपालिका', 541, 'गाउँपालिका', ''),
(2801, 'सिम्ता गाउँपालिका', 541, 'गाउँपालिका', ''),
(2802, 'नारायण नगरपालिका', 542, 'नगरपालिका', ''),
(2803, 'दुल्लु नगरपालिका', 542, 'नगरपालिका', ''),
(2804, 'चामुण्डा विन्द्रासैनी नगरपालिका', 542, 'नगरपालिका', ''),
(2805, 'आठबीस नगरपालिका', 542, 'नगरपालिका', ''),
(2806, 'भगवतीमाई गाउँपालिका', 542, 'गाउँपालिका', ''),
(2807, 'गुराँस गाउँपालिका', 542, 'गाउँपालिका', ''),
(2808, 'डुंगेश्वर गाउँपालिका', 542, 'गाउँपालिका', ''),
(2809, 'नौमुले गाउँपालिका', 542, 'गाउँपालिका', ''),
(2810, 'महावु गाउँपालिका', 542, 'गाउँपालिका', ''),
(2811, 'भैरवी गाउँपालिका', 542, 'गाउँपालिका', ''),
(2812, 'ठाँटीकाँध गाउँपालिका', 542, 'गाउँपालिका', ''),
(2813, 'भेरी नगरपालिका', 543, 'नगरपालिका', ''),
(2814, 'छेडागाड नगरपालिका', 543, 'नगरपालिका', ''),
(2815, 'त्रिवेणी नलगाड नगरपालिका', 543, 'नगरपालिका', ''),
(2816, 'बारेकोट गाउँपालिका', 543, 'गाउँपालिका', ''),
(2817, 'कुसे गाउँपालिका', 543, 'गाउँपालिका', ''),
(2818, 'जुनीचाँदे गाउँपालिका', 543, 'गाउँपालिका', ''),
(2819, 'शिवालय गाउँपालिका', 543, 'गाउँपालिका', ''),
(2820, 'ठुली भेरी नगरपालिका', 544, 'नगरपालिका', ''),
(2821, 'त्रिपुरासुन्दरी नगरपालिका', 544, 'नगरपालिका', ''),
(2822, 'डोल्पो बुद्ध गाउँपालिका', 544, 'गाउँपालिका', ''),
(2823, 'शे फोक्सुन्डो गाउँपालिका', 544, 'गाउँपालिका', ''),
(2824, 'जगदुल्ला गाउँपालिका', 544, 'गाउँपालिका', ''),
(2825, 'मुड्केचुला गाउँपालिका', 544, 'गाउँपालिका', ''),
(2826, 'काईके गाउँपालिका', 544, 'गाउँपालिका', ''),
(2827, 'छार्का ताङसोङ गाउँपालिका', 544, 'गाउँपालिका', ''),
(2828, 'चन्दननाथ नगरपालिका', 545, 'नगरपालिका', ''),
(2829, 'कनकासुन्दरी गाउँपालिका', 545, 'गाउँपालिका', ''),
(2830, 'सिंजा गाउँपालिका', 545, 'गाउँपालिका', ''),
(2831, 'हिमा गाउँपालिका', 545, 'गाउँपालिका', ''),
(2832, 'तिला गाउँपालिका', 545, 'गाउँपालिका', ''),
(2833, 'गुठिचौर गाउँपालिका', 545, 'गाउँपालिका', ''),
(2834, 'तातोपानी गाउँपालिका', 545, 'गाउँपालिका', ''),
(2835, 'पातारासी गाउँपालिका', 545, 'गाउँपालिका', ''),
(2836, 'खाँडाचक्र नगरपालिका', 546, 'नगरपालिका', ''),
(2837, 'रास्कोट नगरपालिका', 546, 'नगरपालिका', ''),
(2838, 'तिलागुफा नगरपालिका', 546, 'नगरपालिका', ''),
(2839, 'पचालझरना गाउँपालिका', 546, 'गाउँपालिका', ''),
(2840, 'सान्नी त्रिवेणी गाउँपालिका', 546, 'गाउँपालिका', ''),
(2841, 'नरहरिनाथ गाउँपालिका', 546, 'गाउँपालिका', ''),
(2842, 'कालिका गाउँपालिका', 546, 'गाउँपालिका', ''),
(2843, 'महावै गाउँपालिका', 546, 'गाउँपालिका', ''),
(2844, 'पलाता गाउँपालिका', 546, 'गाउँपालिका', ''),
(2845, 'छायाँनाथ रारा नगरपालिका', 547, 'नगरपालिका', ''),
(2846, 'मुगुम कार्मारोंग गाउँपालिका', 547, 'गाउँपालिका', ''),
(2847, 'सोरु गाउँपालिका', 547, 'गाउँपालिका', ''),
(2848, 'खत्याड गाउँपालिका', 547, 'गाउँपालिका', ''),
(2849, 'सिमकोट गाउँपालिका', 548, 'गाउँपालिका', ''),
(2850, 'नाम्खा गाउँपालिका', 548, 'गाउँपालिका', ''),
(2851, 'खार्पुनाथ गाउँपालिका', 548, 'गाउँपालिका', ''),
(2852, 'सर्केगाड गाउँपालिका', 548, 'गाउँपालिका', ''),
(2853, 'चंखेली गाउँपालिका', 548, 'गाउँपालिका', ''),
(2854, 'अदानचुली गाउँपालिका', 548, 'गाउँपालिका', ''),
(2855, 'ताँजाकोट गाउँपालिका', 548, 'गाउँपालिका', ''),
(2856, 'बडीमालिका नगरपालिका', 549, 'नगरपालिका', ''),
(2857, 'त्रिवेणी नगरपालिका', 549, 'नगरपालिका', ''),
(2858, 'बुढीगंगा नगरपालिका', 549, 'नगरपालिका', ''),
(2859, 'बुढीनन्दा नगरपालिका', 549, 'नगरपालिका', ''),
(2860, 'गौमुल गाउँपालिका', 549, 'गाउँपालिका', ''),
(2861, 'पाण्डव गुफा गाउँपालिका', 549, 'गाउँपालिका', ''),
(2862, 'स्वामीकार्तिक गाउँपालिका', 549, 'गाउँपालिका', ''),
(2863, 'छेडेदह गाउँपालिका', 549, 'गाउँपालिका', ''),
(2864, 'हिमाली गाउँपालिका', 549, 'गाउँपालिका', ''),
(2865, 'जयपृथ्वी नगरपालिका', 550, 'नगरपालिका', ''),
(2866, 'बुंगल नगरपालिका', 550, 'नगरपालिका', ''),
(2867, 'तलकोट गाउँपालिका', 550, 'गाउँपालिका', ''),
(2868, 'मष्टा गाउँपालिका', 550, 'गाउँपालिका', ''),
(2869, 'खप्तडछान्ना गाउँपालिका', 550, 'गाउँपालिका', ''),
(2870, 'थलारा गाउँपालिका', 550, 'गाउँपालिका', ''),
(2871, 'वित्थडचिर गाउँपालिका', 550, 'गाउँपालिका', ''),
(2872, 'सूर्मा गाउँपालिका', 550, 'गाउँपालिका', ''),
(2873, 'छबिसपाथिभेरा गाउँपालिका', 550, 'गाउँपालिका', ''),
(2874, 'दुर्गाथली गाउँपालिका', 550, 'गाउँपालिका', ''),
(2875, 'केदारस्युँ गाउँपालिका', 550, 'गाउँपालिका', ''),
(2876, 'काँडा गाउँपालिका', 550, 'गाउँपालिका', ''),
(2877, 'मंगलसेन नगरपालिका', 551, 'नगरपालिका', ''),
(2878, 'कमलबजार नगरपालिका', 551, 'नगरपालिका', ''),
(2879, 'साँफेबगर नगरपालिका', 551, 'नगरपालिका', ''),
(2880, 'पन्चदेवल विनायक नगरपालिका', 551, 'नगरपालिका', ''),
(2881, 'चौरपाटी गाउँपालिका', 551, 'गाउँपालिका', ''),
(2882, 'मेल्लेख गाउँपालिका', 551, 'गाउँपालिका', ''),
(2883, 'बान्निगढी जयगढ गाउँपालिका', 551, 'गाउँपालिका', ''),
(2884, 'रामारोशन गाउँपालिका', 551, 'गाउँपालिका', ''),
(2885, 'ढकारी गाउँपालिका', 551, 'गाउँपालिका', ''),
(2886, 'तुर्माखाँद गाउँपालिका', 551, 'गाउँपालिका', ''),
(2887, 'दिपायल सिलगढी नगरपालिका', 552, 'नगरपालिका', ''),
(2888, 'शिखर नगरपालिका', 552, 'नगरपालिका', ''),
(2889, 'पूर्वीचौकी गाउँपालिका', 552, 'गाउँपालिका', ''),
(2890, 'बडीकेदार गाउँपालिका', 552, 'गाउँपालिका', ''),
(2891, 'जोरायल गाउँपालिका', 552, 'गाउँपालिका', ''),
(2892, 'सायल गाउँपालिका', 552, 'गाउँपालिका', ''),
(2893, 'आदर्श गाउँपालिका', 552, 'गाउँपालिका', ''),
(2894, 'के.आई.सिं. गाउँपालिका', 552, 'गाउँपालिका', ''),
(2895, 'बोगटान गाउँपालिका', 552, 'गाउँपालिका', ''),
(2896, 'धनगढी उपमहानगरपालिका', 553, 'उपमहानगरपालिका', ''),
(2897, 'टिकापुर नगरपालिका', 553, 'नगरपालिका', ''),
(2898, 'घोडाघोडी नगरपालिका', 553, 'नगरपालिका', ''),
(2899, 'लम्कीचुहा नगरपालिका', 553, 'नगरपालिका', ''),
(2900, 'भजनी नगरपालिका', 553, 'नगरपालिका', ''),
(2901, 'गोदावरी नगरपालिका', 553, 'नगरपालिका', ''),
(2902, 'गौरीगंगा नगरपालिका', 553, 'नगरपालिका', ''),
(2903, 'जानकी गाउँपालिका', 553, 'गाउँपालिका', ''),
(2904, 'बर्दगोरिया गाउँपालिका', 553, 'गाउँपालिका', ''),
(2905, 'मोहन्याल गाउँपालिका', 553, 'गाउँपालिका', ''),
(2906, 'कैलारी गाउँपालिका', 553, 'गाउँपालिका', ''),
(2907, 'जोशीपुर गाउँपालिका', 553, 'गाउँपालिका', ''),
(2908, 'चुरे गाउँपालिका', 553, 'गाउँपालिका', ''),
(2909, 'भीमदत्त नगरपालिका', 554, 'नगरपालिका', ''),
(2910, 'पुर्नवास नगरपालिका', 554, 'नगरपालिका', ''),
(2911, 'वेदकोट नगरपालिका', 554, 'नगरपालिका', ''),
(2912, 'महाकाली नगरपालिका', 554, 'नगरपालिका', ''),
(2913, 'शुक्लाफाँटा नगरपालिका', 554, 'नगरपालिका', ''),
(2914, 'बेलौरी नगरपालिका', 554, 'नगरपालिका', ''),
(2915, 'कृष्णपुर नगरपालिका', 554, 'नगरपालिका', ''),
(2916, 'बेलडाडी गाउँपालिका', 554, 'गाउँपालिका', ''),
(2917, 'लालझाडी गाउँपालिका', 554, 'गाउँपालिका', ''),
(2918, 'अमरगढी नगरपालिका', 555, 'नगरपालिका', ''),
(2919, 'परशुराम नगरपालिका', 555, 'नगरपालिका', ''),
(2920, 'आलिताल गाउँपालिका', 555, 'गाउँपालिका', ''),
(2921, 'भागेश्वर गाउँपालिका', 555, 'गाउँपालिका', ''),
(2922, 'नवदुर्गा गाउँपालिका', 555, 'गाउँपालिका', ''),
(2923, 'अजयमेरु गाउँपालिका', 555, 'गाउँपालिका', ''),
(2924, 'गन्यापधुरा गाउँपालिका', 555, 'गाउँपालिका', ''),
(2925, 'दशरथचन्द नगरपालिका', 556, 'नगरपालिका', ''),
(2926, 'पाटन नगरपालिका', 556, 'नगरपालिका', ''),
(2927, 'मेलौली नगरपालिका', 556, 'नगरपालिका', ''),
(2928, 'पुर्चौडी नगरपालिका', 556, 'नगरपालिका', ''),
(2929, 'सुर्नया गाउँपालिका', 556, 'गाउँपालिका', ''),
(2930, 'सिगास गाउँपालिका', 556, 'गाउँपालिका', ''),
(2931, 'शिवनाथ गाउँपालिका', 556, 'गाउँपालिका', ''),
(2932, 'पञ्चेश्वर गाउँपालिका', 556, 'गाउँपालिका', ''),
(2933, 'दोगडाकेदार गाउँपालिका', 556, 'गाउँपालिका', ''),
(2934, 'डीलासैनी गाउँपालिका', 556, 'गाउँपालिका', ''),
(2935, 'महाकाली नगरपालिका', 557, 'नगरपालिका', ''),
(2936, 'शैल्यशिखर नगरपालिका', 557, 'नगरपालिका', ''),
(2937, 'मालिकार्जुन गाउँपालिका', 557, 'गाउँपालिका', ''),
(2938, 'अपिहिमाल गाउँपालिका', 557, 'गाउँपालिका', ''),
(2939, 'दुहुँ गाउँपालिका', 557, 'गाउँपालिका', ''),
(2940, 'नौगाड गाउँपालिका', 557, 'गाउँपालिका', ''),
(2941, 'मार्मा गाउँपालिका', 557, 'गाउँपालिका', ''),
(2942, 'लेकम गाउँपालिका', 557, 'गाउँपालिका', ''),
(2943, 'ब्याँस गाउँपालिका', 557, 'गाउँपालिका', '');

-- --------------------------------------------------------

--
-- Table structure for table `settings_office`
--

CREATE TABLE `settings_office` (
  `id` int(11) NOT NULL,
  `name` text NOT NULL,
  `address` text NOT NULL,
  `sambodhan` text NOT NULL
) ENGINE=InnoDB DEFAULT CHARSET=utf8;

--
-- Dumping data for table `settings_office`
--

INSERT INTO `settings_office` (`id`, `name`, `address`, `sambodhan`) VALUES
(1, 'वडा कार्यालय', 'गजुरी, धादिङ्ग, प्रदेश नं. ३, नेपाल', 'श्री प्रमुख प्रशासकीय अधिकृत ज्यु'),
(2, 'मालपोत कार्यालय ', 'गजुरी, धादिङ्ग, प्रदेश नं. ३, नेपाल', 'श्री प्रमुख प्रशासकीय अधिकृत ज्यु'),
(3, 'जिल्ला प्रशासन कार्यालय', 'गजुरी, धादिङ्ग, प्रदेश नं. ३, नेपाल', 'श्री प्रमुख प्रशासकीय अधिकृत ज्यु'),
(4, 'जो जस संग सम्बन्ध छ', '', ''),
(5, 'जल्ला प्रसाशन कार्यालय', 'गजुरी, धादिङ्ग, प्रदेश नं. ३, नेपाल', 'श्री प्रमुख प्रशासकीय अधिकृत ज्यु'),
(6, 'यातायात कार्यालय', 'गजुरी, धादिङ्ग, प्रदेश नं. ३, नेपाल', 'श्री प्रमुख प्रशासकीय अधिकृत ज्यु'),
(7, 'खानेपानी कार्यालय', 'गजुरी, धादिङ्ग, प्रदेश नं. ३, नेपाल', 'श्री प्रमुख प्रशासकीय अधिकृत ज्यु'),
(15, 'test', 'Biratnagar-03', 'test'),
(16, 'testtasdas', 'jafjsdsa', 'test'),
(17, 'Test1', 'Test2', 'Test');

-- --------------------------------------------------------

--
-- Table structure for table `settings_post`
--

CREATE TABLE `settings_post` (
  `id` int(11) NOT NULL,
  `name` varchar(80) NOT NULL
) ENGINE=InnoDB DEFAULT CHARSET=utf8;

--
-- Dumping data for table `settings_post`
--

INSERT INTO `settings_post` (`id`, `name`) VALUES
(1, 'अध्यक्ष्य'),
(2, 'उप-अध्यक्ष्य'),
(3, 'कोसाध्यक्ष्य	'),
(4, 'सचिव'),
(5, 'उप-सचिव'),
(6, 'संयोजक'),
(7, 'सदस्य');

-- --------------------------------------------------------

--
-- Table structure for table `settings_pramanit_garne`
--

CREATE TABLE `settings_pramanit_garne` (
  `id` int(11) NOT NULL,
  `name` text NOT NULL,
  `post` text NOT NULL,
  `english_name` text NOT NULL,
  `english_post` text NOT NULL,
  `office` text NOT NULL
) ENGINE=InnoDB DEFAULT CHARSET=utf8;

--
-- Dumping data for table `settings_pramanit_garne`
--

INSERT INTO `settings_pramanit_garne` (`id`, `name`, `post`, `english_name`, `english_post`, `office`) VALUES
(2, 'पुरुषोत्तम घिमिरे', 'प्रमुख प्रशासकीय अधिकृत', 'Purushottam Ghimire', 'Chief Adminstrative Officer', 'कानेपोखरी गाउँपालिका');

-- --------------------------------------------------------

--
-- Table structure for table `settings_session`
--

CREATE TABLE `settings_session` (
  `id` int(11) NOT NULL,
  `name` varchar(20) NOT NULL,
  `is_current` tinyint(1) NOT NULL
) ENGINE=InnoDB DEFAULT CHARSET=utf8;

--
-- Dumping data for table `settings_session`
--

INSERT INTO `settings_session` (`id`, `name`, `is_current`) VALUES
(1, '2075/76', 0),
(2, '2076/77', 1);

-- --------------------------------------------------------

--
-- Table structure for table `settings_state`
--

CREATE TABLE `settings_state` (
  `id` int(11) NOT NULL,
  `name` text NOT NULL
) ENGINE=InnoDB DEFAULT CHARSET=utf8;

--
-- Dumping data for table `settings_state`
--

INSERT INTO `settings_state` (`id`, `name`) VALUES
(1, 'प्रदेश १'),
(2, 'प्रदेश २'),
(3, 'प्रदेश ३'),
(4, 'गण्डकी प्रदेश'),
(6, 'प्रदेश ६'),
(7, 'प्रदेश ७');

-- --------------------------------------------------------

--
-- Table structure for table `settings_vdc_municipality`
--

CREATE TABLE `settings_vdc_municipality` (
  `id` int(11) NOT NULL,
  `name` text CHARACTER SET utf8 NOT NULL,
  `district_id` int(11) NOT NULL,
  `type` text CHARACTER SET utf8 NOT NULL,
  `english_name` varchar(255) NOT NULL
) ENGINE=InnoDB DEFAULT CHARSET=latin1;

--
-- Dumping data for table `settings_vdc_municipality`
--

INSERT INTO `settings_vdc_municipality` (`id`, `name`, `district_id`, `type`, `english_name`) VALUES
(2191, 'फुङलिङ नगरपालिका', 481, 'नगरपालिका', ''),
(2192, 'आठराई त्रिवेणी गाउँपालिका', 481, 'गाउँपालिका', ''),
(2193, 'सिदिङ्वा गाउँपालिका', 481, 'गाउँपालिका', ''),
(2194, 'फक्ताङलुङ गाउँपालिका', 481, 'गाउँपालिका', ''),
(2195, 'मिक्वाखोला गाउँपालिका', 481, 'गाउँपालिका', ''),
(2196, 'मेरिङदेन गाउँपालिका', 481, 'गाउँपालिका', ''),
(2197, 'मैवाखोला गाउँपालिका', 481, 'गाउँपालिका', ''),
(2198, 'याङवरक गाउँपालिका', 481, 'गाउँपालिका', ''),
(2199, 'सिरीजङ्घा गाउँपालिका', 481, 'गाउँपालिका', ''),
(2200, 'फिदिम नगरपालिका', 482, 'नगरपालिका', ''),
(2201, 'फालेलुंग गाउँपालिका', 482, 'गाउँपालिका', ''),
(2202, 'फाल्गुनन्द गाउँपालिका', 482, 'गाउँपालिका', ''),
(2203, 'हिलिहाङ गाउँपालिका', 482, 'गाउँपालिका', ''),
(2204, 'कुम्मायक गाउँपालिका', 482, 'गाउँपालिका', ''),
(2205, 'मिक्लाजुङ गाउँपालिका', 482, 'गाउँपालिका', ''),
(2206, 'तुम्बेवा गाउँपालिका', 482, 'गाउँपालिका', ''),
(2207, 'याङवरक गाउँपालिका', 482, 'गाउँपालिका', ''),
(2208, 'ईलाम नगरपालिका', 483, 'नगरपालिका', ''),
(2209, 'देउमाई नगरपालिका', 483, 'नगरपालिका', ''),
(2210, 'माई नगरपालिका', 483, 'नगरपालिका', ''),
(2211, 'सूर्योदय नगरपालिका', 483, 'नगरपालिका', ''),
(2212, 'फाकफोकथुम गाउँपालिका', 483, 'गाउँपालिका', ''),
(2213, 'चुलाचुली गाउँपालिका', 483, 'गाउँपालिका', ''),
(2214, 'माईजोगमाई गाउँपालिका', 483, 'गाउँपालिका', ''),
(2215, 'माङसेबुङ गाउँपालिका', 483, 'गाउँपालिका', ''),
(2216, 'रोङ गाउँपालिका', 483, 'गाउँपालिका', ''),
(2217, 'सन्दकपुर गाउँपालिका', 483, 'गाउँपालिका', ''),
(2218, 'मेचीनगर नगरपालिका', 484, 'नगरपालिका', ''),
(2219, 'दमक नगरपालिका', 484, 'नगरपालिका', ''),
(2220, 'कन्काई नगरपालिका', 484, 'नगरपालिका', ''),
(2221, 'भद्रपुर नगरपालिका', 484, 'नगरपालिका', ''),
(2222, 'अर्जुनधारा नगरपालिका', 484, 'नगरपालिका', ''),
(2223, 'शिवशताक्षी नगरपालिका', 484, 'नगरपालिका', ''),
(2224, 'गौरादह नगरपालिका', 484, 'नगरपालिका', ''),
(2225, 'विर्तामोड नगरपालिका', 484, 'नगरपालिका', ''),
(2226, 'कमल गाउँपालिका', 484, 'गाउँपालिका', ''),
(2227, 'गौरीगंज गाउँपालिका', 484, 'गाउँपालिका', ''),
(2228, 'बाह्रदशी गाउँपालिका', 484, 'गाउँपालिका', ''),
(2229, 'झापा गाउँपालिका', 484, 'गाउँपालिका', ''),
(2230, 'बुद्धशान्ति गाउँपालिका', 484, 'गाउँपालिका', ''),
(2231, 'हल्दिवारी गाउँपालिका', 484, 'गाउँपालिका', ''),
(2232, 'कचनकवल गाउँपालिका', 484, 'गाउँपालिका', ''),
(2233, 'विराटनगर महानगरपालिका', 485, 'महानगरपालिका', ''),
(2234, 'बेलवारी नगरपालिका', 485, 'नगरपालिका', ''),
(2235, 'लेटाङ नगरपालिका', 485, 'नगरपालिका', ''),
(2236, 'पथरी शनिश्चरे नगरपालिका', 485, 'नगरपालिका', ''),
(2237, 'रंगेली नगरपालिका', 485, 'नगरपालिका', ''),
(2238, 'रतुवामाई नगरपालिका', 485, 'नगरपालिका', ''),
(2239, 'सुनवर्षि नगरपालिका', 485, 'नगरपालिका', ''),
(2240, 'उर्लावारी नगरपालिका', 485, 'नगरपालिका', ''),
(2241, 'सुन्दरहरैचा नगरपालिका', 485, 'नगरपालिका', ''),
(2242, 'बुढीगंगा गाउँपालिका', 485, 'गाउँपालिका', ''),
(2243, 'धनपालथान गाउँपालिका', 485, 'गाउँपालिका', ''),
(2244, 'ग्रामथान गाउँपालिका', 485, 'गाउँपालिका', ''),
(2245, 'जहदा गाउँपालिका', 485, 'गाउँपालिका', ''),
(2246, 'कानेपोखरी गाउँपालिका', 485, 'गाउँपालिका', ''),
(2247, 'कटहरी गाउँपालिका', 485, 'गाउँपालिका', ''),
(2248, 'केरावारी गाउँपालिका', 485, 'गाउँपालिका', ''),
(2249, 'मिक्लाजुङ गाउँपालिका', 485, 'गाउँपालिका', ''),
(2250, 'ईटहरी उपमहानगरपालिका', 486, 'उपमहानगरपालिका', ''),
(2251, 'धरान उपमहानगरपालिका', 486, 'उपमहानगरपालिका', ''),
(2252, 'ईनरुवा नगरपालिका', 486, 'नगरपालिका', ''),
(2253, 'दुहवी नगरपालिका', 486, 'नगरपालिका', ''),
(2254, 'रामधुनी नगरपालिका', 486, 'नगरपालिका', ''),
(2255, 'बराह नगरपालिका', 486, 'नगरपालिका', ''),
(2256, 'देवानगञ्ज गाउँपालिका', 486, 'गाउँपालिका', ''),
(2257, 'कोशी गाउँपालिका', 486, 'गाउँपालिका', ''),
(2258, 'गढी गाउँपालिका', 486, 'गाउँपालिका', ''),
(2259, 'बर्जु गाउँपालिका', 486, 'गाउँपालिका', ''),
(2260, 'भोक्राहा गाउँपालिका', 486, 'गाउँपालिका', ''),
(2261, 'हरिनगरा गाउँपालिका', 486, 'गाउँपालिका', ''),
(2262, 'पाख्रिबास नगरपालिका', 487, 'नगरपालिका', ''),
(2263, 'धनकुटा नगरपालिका', 487, 'नगरपालिका', ''),
(2264, 'महालक्ष्मी नगरपालिका', 487, 'नगरपालिका', ''),
(2265, 'साँगुरीगढी गाउँपालिका', 487, 'गाउँपालिका', ''),
(2266, 'खाल्सा छिन्ताङ सहिदभूमि गाउँपालिका', 487, 'गाउँपालिका', ''),
(2267, 'छथर जोरपाटी गाउँपालिका', 487, 'गाउँपालिका', ''),
(2268, 'चौविसे गाउँपालिका', 487, 'गाउँपालिका', ''),
(2269, 'म्याङलुङ नगरपालिका', 488, 'नगरपालिका', ''),
(2270, 'लालीगुराँस नगरपालिका', 488, 'नगरपालिका', ''),
(2271, 'आठराई गाउँपालिका', 488, 'गाउँपालिका', ''),
(2272, 'छथर गाउँपालिका', 488, 'गाउँपालिका', ''),
(2273, 'फेदाप गाउँपालिका', 488, 'गाउँपालिका', ''),
(2274, 'मेन्छयायेम गाउँपालिका', 488, 'गाउँपालिका', ''),
(2275, 'चैनपुर नगरपालिका', 489, 'नगरपालिका', ''),
(2276, 'धर्मदेवी नगरपालिका', 489, 'नगरपालिका', ''),
(2277, 'खाँदवारी नगरपालिका', 489, 'नगरपालिका', ''),
(2278, 'मादी नगरपालिका', 489, 'नगरपालिका', ''),
(2279, 'पाँचखपन नगरपालिका', 489, 'नगरपालिका', ''),
(2280, 'भोटखोला गाउँपालिका', 489, 'गाउँपालिका', ''),
(2281, 'चिचिला गाउँपालिका', 489, 'गाउँपालिका', ''),
(2282, 'मकालु गाउँपालिका', 489, 'गाउँपालिका', ''),
(2283, 'सभापोखरी गाउँपालिका', 489, 'गाउँपालिका', ''),
(2284, 'सिलीचोङ गाउँपालिका', 489, 'गाउँपालिका', ''),
(2285, 'भोजपुर नगरपालिका', 490, 'नगरपालिका', ''),
(2286, 'षडानन्द नगरपालिका', 490, 'नगरपालिका', ''),
(2287, 'ट्याम्केमैयुम गाउँपालिका', 490, 'गाउँपालिका', ''),
(2288, 'रामप्रसाद राई गाउँपालिका', 490, 'गाउँपालिका', ''),
(2289, 'अरुण गाउँपालिका', 490, 'गाउँपालिका', ''),
(2290, 'पौवादुङमा गाउँपालिका', 490, 'गाउँपालिका', ''),
(2291, 'साल्पासिलिछो गाउँपालिका', 490, 'गाउँपालिका', ''),
(2292, 'आमचोक गाउँपालिका', 490, 'गाउँपालिका', ''),
(2293, 'हतुवागढी गाउँपालिका', 490, 'गाउँपालिका', ''),
(2294, 'सोलुदुधकुण्ड नगरपालिका', 491, 'नगरपालिका', ''),
(2295, 'दुधकोसी गाउँपालिका', 491, 'गाउँपालिका', ''),
(2296, 'खुम्वु पासाङल्हमु गाउँपालिका', 491, 'गाउँपालिका', ''),
(2297, 'दुधकौशिका गाउँपालिका', 491, 'गाउँपालिका', ''),
(2298, 'नेचासल्यान गाउँपालिका', 491, 'गाउँपालिका', ''),
(2299, 'माहाकुलुङ गाउँपालिका', 491, 'गाउँपालिका', ''),
(2300, 'लिखु पिके गाउँपालिका', 491, 'गाउँपालिका', ''),
(2301, 'सोताङ गाउँपालिका', 491, 'गाउँपालिका', ''),
(2302, 'सिद्दिचरण नगरपालिका', 492, 'नगरपालिका', ''),
(2303, 'खिजिदेम्बा गाउँपालिका', 492, 'गाउँपालिका', ''),
(2304, 'चम्पादेवी गाउँपालिका', 492, 'गाउँपालिका', ''),
(2305, 'चिशंखुगढी गाउँपालिका', 492, 'गाउँपालिका', ''),
(2306, 'मानेभञ्याङ गाउँपालिका', 492, 'गाउँपालिका', ''),
(2307, 'मोलुङ गाउँपालिका', 492, 'गाउँपालिका', ''),
(2308, 'लिखु गाउँपालिका', 492, 'गाउँपालिका', ''),
(2309, 'सुनकोशी गाउँपालिका', 492, 'गाउँपालिका', ''),
(2310, 'हलेसी तुवाचुङ नगरपालिका', 493, 'नगरपालिका', ''),
(2311, 'रुपाकोट मझुवागढी नगरपालिका', 493, 'नगरपालिका', ''),
(2312, 'ऐसेलुखर्क गाउँपालिका', 493, 'गाउँपालिका', ''),
(2313, 'लामीडाँडा गाउँपालिका', 493, 'गाउँपालिका', ''),
(2314, 'जन्तेढुंगा गाउँपालिका', 493, 'गाउँपालिका', ''),
(2315, 'खोटेहाङ गाउँपालिका', 493, 'गाउँपालिका', ''),
(2316, 'केपिलासगढी गाउँपालिका', 493, 'गाउँपालिका', ''),
(2317, 'दिप्रुङ गाउँपालिका', 493, 'गाउँपालिका', ''),
(2318, 'साकेला गाउँपालिका', 493, 'गाउँपालिका', ''),
(2319, 'वराहपोखरी गाउँपालिका', 493, 'गाउँपालिका', ''),
(2320, 'कटारी नगरपालिका', 494, 'नगरपालिका', ''),
(2321, 'चौदण्डीगढी नगरपालिका', 494, 'नगरपालिका', ''),
(2322, 'त्रियुगा नगरपालिका', 494, 'नगरपालिका', ''),
(2323, 'वेलका नगरपालिका', 494, 'नगरपालिका', ''),
(2324, 'उदयपुरगढी गाउँपालिका', 494, 'गाउँपालिका', ''),
(2325, 'ताप्ली गाउँपालिका', 494, 'गाउँपालिका', ''),
(2326, 'रौतामाई गाउँपालिका', 494, 'गाउँपालिका', ''),
(2327, 'सुनकोशी गाउँपालिका', 494, 'गाउँपालिका', ''),
(2328, 'राजविराज नगरपालिका', 496, 'नगरपालिका', ''),
(2329, 'कञ्चनरुप नगरपालिका', 496, 'नगरपालिका', ''),
(2330, 'डाक्नेश्वरी नगरपालिका', 496, 'नगरपालिका', ''),
(2331, 'बोदेबरसाईन नगरपालिका', 496, 'नगरपालिका', ''),
(2332, 'खडक नगरपालिका', 496, 'नगरपालिका', ''),
(2333, 'शम्भुनाथ नगरपालिका', 496, 'नगरपालिका', ''),
(2334, 'सुरुङ्‍गा नगरपालिका', 496, 'नगरपालिका', ''),
(2335, 'हनुमाननगर कङ्‌कालिनी नगरपालिका', 496, 'नगरपालिका', ''),
(2336, 'सप्तकोशी नगरपालिका', 496, 'नगरपालिका', ''),
(2337, 'अग्निसाइर कृष्णासवरन गाउँपालिका', 496, 'गाउँपालिका', ''),
(2338, 'छिन्नमस्ता गाउँपालिका', 496, 'गाउँपालिका', ''),
(2339, 'महादेवा गाउँपालिका', 496, 'गाउँपालिका', ''),
(2340, 'तिरहुत गाउँपालिका', 496, 'गाउँपालिका', ''),
(2341, 'तिलाठी कोईलाडी गाउँपालिका', 496, 'गाउँपालिका', ''),
(2342, 'रुपनी गाउँपालिका', 496, 'गाउँपालिका', ''),
(2343, 'बेल्ही चपेना गाउँपालिका', 496, 'गाउँपालिका', ''),
(2344, 'बिष्णुपुर गाउँपालिका', 496, 'गाउँपालिका', ''),
(2345, 'बलान-बिहुल गाउँपालिका', 496, 'गाउँपालिका', ''),
(2346, 'लहान नगरपालिका', 497, 'नगरपालिका', ''),
(2347, 'धनगढीमाई नगरपालिका', 497, 'नगरपालिका', ''),
(2348, 'सिरहा नगरपालिका', 497, 'नगरपालिका', ''),
(2349, 'गोलबजार नगरपालिका', 497, 'नगरपालिका', ''),
(2350, 'मिर्चैयाँ नगरपालिका', 497, 'नगरपालिका', ''),
(2351, 'कल्याणपुर नगरपालिका', 497, 'नगरपालिका', ''),
(2352, 'कर्जन्हा नगरपालिका', 497, 'नगरपालिका', ''),
(2353, 'सुखीपुर नगरपालिका', 497, 'नगरपालिका', ''),
(2354, 'भगवानपुर गाउँपालिका', 497, 'गाउँपालिका', ''),
(2355, 'औरही गाउँपालिका', 497, 'गाउँपालिका', ''),
(2356, 'विष्णुपुर गाउँपालिका', 497, 'गाउँपालिका', ''),
(2357, 'बरियारपट्टी गाउँपालिका', 497, 'गाउँपालिका', ''),
(2358, 'लक्ष्मीपुर पतारी गाउँपालिका', 497, 'गाउँपालिका', ''),
(2359, 'नरहा गाउँपालिका', 497, 'गाउँपालिका', ''),
(2360, 'सखुवानान्कारकट्टी गाउँपालिका', 497, 'गाउँपालिका', ''),
(2361, 'अर्नमा गाउँपालिका', 497, 'गाउँपालिका', ''),
(2362, 'नवराजपुर गाउँपालिका', 497, 'गाउँपालिका', ''),
(2363, 'जनकपुर उपमहानगरपालिका', 498, 'उपमहानगरपालिका', ''),
(2364, 'क्षिरेश्वरनाथ नगरपालिका', 498, 'नगरपालिका', ''),
(2365, 'गणेशमान चारनाथ नगरपालिका', 498, 'नगरपालिका', ''),
(2366, 'धनुषाधाम नगरपालिका', 498, 'नगरपालिका', ''),
(2367, 'नगराइन नगरपालिका', 498, 'नगरपालिका', ''),
(2368, 'विदेह नगरपालिका', 498, 'नगरपालिका', ''),
(2369, 'मिथिला नगरपालिका', 498, 'नगरपालिका', ''),
(2370, 'शहीदनगर नगरपालिका', 498, 'नगरपालिका', ''),
(2371, 'सबैला नगरपालिका', 498, 'नगरपालिका', ''),
(2372, 'कमला नगरपालिका', 498, 'नगरपालिका', ''),
(2373, 'मिथिला बिहारी नगरपालिका', 498, 'नगरपालिका', ''),
(2374, 'हंसपुर नगरपालिका', 498, 'नगरपालिका', ''),
(2375, 'जनकनन्दिनी गाउँपालिका', 498, 'गाउँपालिका', ''),
(2376, 'बटेश्वर गाउँपालिका', 498, 'गाउँपालिका', ''),
(2377, 'मुखियापट्टी मुसहरमिया गाउँपालिका', 498, 'गाउँपालिका', ''),
(2378, 'लक्ष्मीनिया गाउँपालिका', 498, 'गाउँपालिका', ''),
(2379, 'औरही गाउँपालिका', 498, 'गाउँपालिका', ''),
(2380, 'धनौजी गाउँपालिका', 498, 'गाउँपालिका', ''),
(2381, 'जलेश्वर नगरपालिका', 499, 'नगरपालिका', ''),
(2382, 'बर्दिबास नगरपालिका', 499, 'नगरपालिका', ''),
(2383, 'गौशाला नगरपालिका', 499, 'नगरपालिका', ''),
(2384, 'लोहरपट्टी नगरपालिका', 499, 'नगरपालिका', ''),
(2385, 'रामगोपालपुर नगरपालिका', 499, 'नगरपालिका', ''),
(2386, 'मनरा शिसवा नगरपालिका', 499, 'नगरपालिका', ''),
(2387, 'मटिहानी नगरपालिका', 499, 'नगरपालिका', ''),
(2388, 'भँगाहा नगरपालिका', 499, 'नगरपालिका', ''),
(2389, 'बलवा नगरपालिका', 499, 'नगरपालिका', ''),
(2390, 'औरही नगरपालिका', 499, 'नगरपालिका', ''),
(2391, 'एकडारा गाउँपालिका', 499, 'गाउँपालिका', ''),
(2392, 'सोनमा गाउँपालिका', 499, 'गाउँपालिका', ''),
(2393, 'साम्सी गाउँपालिका', 499, 'गाउँपालिका', ''),
(2394, 'महोत्तरी गाउँपालिका', 499, 'गाउँपालिका', ''),
(2395, 'पिपरा गाउँपालिका', 499, 'गाउँपालिका', ''),
(2396, 'ईश्वरपुर नगरपालिका', 500, 'नगरपालिका', ''),
(2397, 'मलंगवा नगरपालिका', 500, 'नगरपालिका', ''),
(2398, 'लालबन्दी नगरपालिका', 500, 'नगरपालिका', ''),
(2399, 'हरिपुर नगरपालिका', 500, 'नगरपालिका', ''),
(2400, 'हरिपुर्वा नगरपालिका', 500, 'नगरपालिका', ''),
(2401, 'हरिवन नगरपालिका', 500, 'नगरपालिका', ''),
(2402, 'बरहथवा नगरपालिका', 500, 'नगरपालिका', ''),
(2403, 'बलरा नगरपालिका', 500, 'नगरपालिका', ''),
(2404, 'गोडैटा नगरपालिका', 500, 'नगरपालिका', ''),
(2405, 'बागमती नगरपालिका', 500, 'नगरपालिका', ''),
(2406, 'कविलासी नगरपालिका', 500, 'नगरपालिका', ''),
(2407, 'चक्रघट्टा गाउँपालिका', 500, 'गाउँपालिका', ''),
(2408, 'चन्द्रनगर गाउँपालिका', 500, 'गाउँपालिका', ''),
(2409, 'धनकौल गाउँपालिका', 500, 'गाउँपालिका', ''),
(2410, 'ब्रह्मपुरी गाउँपालिका', 500, 'गाउँपालिका', ''),
(2411, 'रामनगर गाउँपालिका', 500, 'गाउँपालिका', ''),
(2412, 'विष्णु गाउँपालिका', 500, 'गाउँपालिका', ''),
(2413, 'कौडेना गाउँपालिका', 500, 'गाउँपालिका', ''),
(2414, 'पर्सा गाउँपालिका', 500, 'गाउँपालिका', ''),
(2415, 'बसबरीया गाउँपालिका', 500, 'गाउँपालिका', ''),
(2416, 'चन्द्रपुर नगरपालिका', 501, 'नगरपालिका', ''),
(2417, 'गरुडा नगरपालिका', 501, 'नगरपालिका', ''),
(2418, 'गौर नगरपालिका', 501, 'नगरपालिका', ''),
(2419, 'बौधीमाई नगरपालिका', 501, 'नगरपालिका', ''),
(2420, 'बृन्दावन नगरपालिका', 501, 'नगरपालिका', ''),
(2421, 'देवाही गोनाही नगरपालिका', 501, 'नगरपालिका', ''),
(2422, 'गढीमाई नगरपालिका', 501, 'नगरपालिका', ''),
(2423, 'गुजरा नगरपालिका', 501, 'नगरपालिका', ''),
(2424, 'कटहरिया नगरपालिका', 501, 'नगरपालिका', ''),
(2425, 'माधव नारायण नगरपालिका', 501, 'नगरपालिका', ''),
(2426, 'मौलापुर नगरपालिका', 501, 'नगरपालिका', ''),
(2427, 'फतुवाबिजयपुर नगरपालिका', 501, 'नगरपालिका', ''),
(2428, 'ईशनाथ नगरपालिका', 501, 'नगरपालिका', ''),
(2429, 'परोहा नगरपालिका', 501, 'नगरपालिका', ''),
(2430, 'राजपुर नगरपालिका', 501, 'नगरपालिका', ''),
(2431, 'राजदेवी नगरपालिका', 501, 'नगरपालिका', ''),
(2432, 'दुर्गा भगवती गाउँपालिका', 501, 'गाउँपालिका', ''),
(2433, 'यमुनामाई गाउँपालिका', 501, 'गाउँपालिका', ''),
(2434, 'कलैया उपमहानगरपालिका', 502, 'उपमहानगरपालिका', ''),
(2435, 'जीतपुर सिमरा उपमहानगरपालिका', 502, 'उपमहानगरपालिका', ''),
(2436, 'कोल्हवी नगरपालिका', 502, 'नगरपालिका', ''),
(2437, 'निजगढ नगरपालिका', 502, 'नगरपालिका', ''),
(2438, 'महागढीमाई नगरपालिका', 502, 'नगरपालिका', ''),
(2439, 'सिम्रौनगढ नगरपालिका', 502, 'नगरपालिका', ''),
(2440, 'पचरौता नगरपालिका', 502, 'नगरपालिका', ''),
(2441, 'आदर्श कोटवाल गाउँपालिका', 502, 'गाउँपालिका', ''),
(2442, 'करैयामाई गाउँपालिका', 502, 'गाउँपालिका', ''),
(2443, 'देवताल गाउँपालिका', 502, 'गाउँपालिका', ''),
(2444, 'परवानीपुर गाउँपालिका', 502, 'गाउँपालिका', ''),
(2445, 'प्रसौनी गाउँपालिका', 502, 'गाउँपालिका', ''),
(2446, 'फेटा गाउँपालिका', 502, 'गाउँपालिका', ''),
(2447, 'बारागढीगाउँपालिका', 502, 'गाउँपालिका', ''),
(2448, 'सुवर्ण गाउँपालिका', 502, 'गाउँपालिका', ''),
(2449, 'विश्रामपुर गाउँपालिका', 502, 'गाउँपालिका', ''),
(2450, 'बिरगंज महानगरपालिका', 503, 'महानगरपालिका', ''),
(2451, 'पोखरिया नगरपालिका', 503, 'नगरपालिका', ''),
(2452, 'बहुदरमाई नगरपालिका', 503, 'नगरपालिका', ''),
(2453, 'पर्सागढी नगरपालिका', 503, 'नगरपालिका', ''),
(2454, 'ठोरी गाउँपालिका', 503, 'गाउँपालिका', ''),
(2455, 'जगरनाथपुर गाउँपालिका', 503, 'गाउँपालिका', ''),
(2456, 'धोबीनी गाउँपालिका', 503, 'गाउँपालिका', ''),
(2457, 'छिपहरमाई गाउँपालिका', 503, 'गाउँपालिका', ''),
(2458, 'पकाहा मैनपुर गाउँपालिका', 503, 'गाउँपालिका', ''),
(2459, 'बिन्दबासिनी गाउँपालिका', 503, 'गाउँपालिका', ''),
(2460, 'सखुवा प्रसौनी गाउँपालिका', 503, 'गाउँपालिका', ''),
(2461, 'पटेर्वा सुगौली गाउँपालिका', 503, 'गाउँपालिका', ''),
(2462, 'कालिकामाई गाउँपालिका', 503, 'गाउँपालिका', ''),
(2463, 'जिरा भवानी गाउँपालिका', 503, 'गाउँपालिका', ''),
(2464, 'कमलामाई नगरपालिका', 504, 'नगरपालिका', ''),
(2465, 'दुधौली नगरपालिका', 504, 'नगरपालिका', ''),
(2466, 'गोलन्जर गाउँपालिका', 504, 'गाउँपालिका', ''),
(2467, 'घ्याङलेख गाउँपालिका', 504, 'गाउँपालिका', ''),
(2468, 'तीनपाटन गाउँपालिका', 504, 'गाउँपालिका', ''),
(2469, 'फिक्कल गाउँपालिका', 504, 'गाउँपालिका', ''),
(2470, 'मरिण गाउँपालिका', 504, 'गाउँपालिका', ''),
(2471, 'सुनकोशी गाउँपालिका', 504, 'गाउँपालिका', ''),
(2472, 'हरिहरपुरगढी गाउँपालिका', 504, 'गाउँपालिका', ''),
(2473, 'मन्थली नगरपालिका', 505, 'नगरपालिका', ''),
(2474, 'रामेछाप नगरपालिका', 505, 'नगरपालिका', ''),
(2475, 'उमाकुण्ड गाउँपालिका', 505, 'गाउँपालिका', ''),
(2476, 'खाँडादेवी गाउँपालिका', 505, 'गाउँपालिका', ''),
(2477, 'गोकुलगङ्गा गाउँपालिका', 505, 'गाउँपालिका', ''),
(2478, 'दोरम्बा गाउँपालिका', 505, 'गाउँपालिका', ''),
(2479, 'लिखु गाउँपालिका', 505, 'गाउँपालिका', ''),
(2480, 'सुनापती गाउँपालिका', 505, 'गाउँपालिका', ''),
(2481, 'जिरी नगरपालिका', 506, 'नगरपालिका', ''),
(2482, 'भिमेश्वर नगरपालिका', 506, 'नगरपालिका', ''),
(2483, 'कालिन्चोक गाउँपालिका', 506, 'गाउँपालिका', ''),
(2484, 'गौरीशङ्कर गाउँपालिका', 506, 'गाउँपालिका', ''),
(2485, 'तामाकोशी गाउँपालिका', 506, 'गाउँपालिका', ''),
(2486, 'मेलुङ्ग गाउँपालिका', 506, 'गाउँपालिका', ''),
(2487, 'विगु गाउँपालिका', 506, 'गाउँपालिका', ''),
(2488, 'वैतेश्वर गाउँपालिका', 506, 'गाउँपालिका', ''),
(2489, 'शैलुङ्ग गाउँपालिका', 506, 'गाउँपालिका', ''),
(2490, 'चौतारा साँगाचोकगढी नगरपालिका', 507, 'नगरपालिका', ''),
(2491, 'बाह्रविसे नगरपालिका', 507, 'नगरपालिका', ''),
(2492, 'मेलम्ची नगरपालिका', 507, 'नगरपालिका', ''),
(2493, 'ईन्द्रावती गाउँपालिका', 507, 'गाउँपालिका', ''),
(2494, 'जुगल गाउँपालिका', 507, 'गाउँपालिका', ''),
(2495, 'पाँचपोखरी थाङपाल गाउँपालिका', 507, 'गाउँपालिका', ''),
(2496, 'बलेफी गाउँपालिका', 507, 'गाउँपालिका', ''),
(2497, 'भोटेकोशी गाउँपालिका', 507, 'गाउँपालिका', ''),
(2498, 'लिसङ्खु पाखर गाउँपालिका', 507, 'गाउँपालिका', ''),
(2499, 'सुनकोशी गाउँपालिका', 507, 'गाउँपालिका', ''),
(2500, 'हेलम्बु गाउँपालिका', 507, 'गाउँपालिका', ''),
(2501, 'त्रिपुरासुन्दरी गाउँपालिका', 507, 'गाउँपालिका', ''),
(2502, 'धुलिखेल नगरपालिका', 508, 'नगरपालिका', ''),
(2503, 'बनेपा नगरपालिका', 508, 'नगरपालिका', ''),
(2504, 'पनौती नगरपालिका', 508, 'नगरपालिका', ''),
(2505, 'पाँचखाल नगरपालिका', 508, 'नगरपालिका', ''),
(2506, 'नमोबुद्ध नगरपालिका', 508, 'नगरपालिका', ''),
(2507, 'मण्डनदेउपुर नगरपालिका', 508, 'नगरपालिका', ''),
(2508, 'खानीखोला गाउँपालिका', 508, 'गाउँपालिका', ''),
(2509, 'चौंरीदेउराली गाउँपालिका', 508, 'गाउँपालिका', ''),
(2510, 'तेमाल गाउँपालिका', 508, 'गाउँपालिका', ''),
(2511, 'बेथानचोक गाउँपालिका', 508, 'गाउँपालिका', ''),
(2512, 'भुम्लु गाउँपालिका', 508, 'गाउँपालिका', ''),
(2513, 'महाभारत गाउँपालिका', 508, 'गाउँपालिका', ''),
(2514, 'रोशी गाउँपालिका', 508, 'गाउँपालिका', ''),
(2515, 'ललितपुर महानगरपालिका', 509, 'महानगरपालिका', ''),
(2516, 'गोदावरी नगरपालिका', 509, 'नगरपालिका', ''),
(2517, 'महालक्ष्मी नगरपालिका', 509, 'नगरपालिका', ''),
(2518, 'कोन्ज्योसोम गाउँपालिका', 509, 'गाउँपालिका', ''),
(2519, 'बागमती गाउँपालिका', 509, 'गाउँपालिका', ''),
(2520, 'महाङ्काल गाउँपालिका', 509, 'गाउँपालिका', ''),
(2521, 'चाँगुनारायण नगरपालिका', 510, 'नगरपालिका', ''),
(2522, 'भक्तपुर नगरपालिका', 510, 'नगरपालिका', ''),
(2523, 'मध्यपुर थिमी नगरपालिका', 510, 'नगरपालिका', ''),
(2524, 'सूर्यविनायक नगरपालिका', 510, 'नगरपालिका', ''),
(2525, 'काठमाण्डौं महानगरपालिका', 511, 'महानगरपालिका', ''),
(2526, 'कागेश्वरी मनोहरा नगरपालिका', 511, 'नगरपालिका', ''),
(2527, 'कीर्तिपुर नगरपालिका', 511, 'नगरपालिका', ''),
(2528, 'गोकर्णेश्वर नगरपालिका', 511, 'नगरपालिका', ''),
(2529, 'चन्द्रागिरी नगरपालिका', 511, 'नगरपालिका', ''),
(2530, 'टोखा नगरपालिका', 511, 'नगरपालिका', ''),
(2531, 'तारकेश्वर नगरपालिका', 511, 'नगरपालिका', ''),
(2532, 'दक्षिणकाली नगरपालिका', 511, 'नगरपालिका', ''),
(2533, 'नागार्जुन नगरपालिका', 511, 'नगरपालिका', ''),
(2534, 'बुढानिलकण्ठ नगरपालिका', 511, 'नगरपालिका', ''),
(2535, 'शङ्खरापुर नगरपालिका', 511, 'नगरपालिका', ''),
(2536, 'विदुर नगरपालिका', 512, 'नगरपालिका', ''),
(2537, 'बेलकोटगढी नगरपालिका', 512, 'नगरपालिका', ''),
(2538, 'ककनी गाउँपालिका', 512, 'गाउँपालिका', ''),
(2539, 'किस्पाङ गाउँपालिका', 512, 'गाउँपालिका', ''),
(2540, 'तादी गाउँपालिका', 512, 'गाउँपालिका', ''),
(2541, 'तारकेश्वर गाउँपालिका', 512, 'गाउँपालिका', ''),
(2542, 'दुप्चेश्वर गाउँपालिका', 512, 'गाउँपालिका', ''),
(2543, 'पञ्चकन्या गाउँपालिका', 512, 'गाउँपालिका', ''),
(2544, 'लिखु गाउँपालिका', 512, 'गाउँपालिका', ''),
(2545, 'मेघाङ गाउँपालिका', 512, 'गाउँपालिका', ''),
(2546, 'शिवपुरी गाउँपालिका', 512, 'गाउँपालिका', ''),
(2547, 'सुर्यगढी गाउँपालिका', 512, 'गाउँपालिका', ''),
(2548, 'उत्तरगया गाउँपालिका', 513, 'गाउँपालिका', ''),
(2549, 'कालिका गाउँपालिका', 513, 'गाउँपालिका', ''),
(2550, 'गोसाईकुण्ड गाउँपालिका', 513, 'गाउँपालिका', ''),
(2551, 'नौकुण्ड गाउँपालिका', 513, 'गाउँपालिका', ''),
(2552, 'पार्वतीकुण्ड गाउँपालिका', 513, 'गाउँपालिका', ''),
(2553, 'धुनीबेंशी नगरपालिका', 514, 'नगरपालिका', ''),
(2554, 'निलकण्ठ नगरपालिका', 514, 'नगरपालिका', ''),
(2555, 'खनियाबास गाउँपालिका', 514, 'गाउँपालिका', ''),
(2556, 'गजुरी गाउँपालिका', 514, 'गाउँपालिका', ''),
(2557, 'गल्छी गाउँपालिका', 514, 'गाउँपालिका', ''),
(2558, 'गङ्गाजमुना गाउँपालिका', 514, 'गाउँपालिका', ''),
(2559, 'ज्वालामूखी गाउँपालिका', 514, 'गाउँपालिका', ''),
(2560, 'थाक्रे गाउँपालिका', 514, 'गाउँपालिका', ''),
(2561, 'नेत्रावति गाउँपालिका', 514, 'गाउँपालिका', ''),
(2562, 'बेनीघाट रोराङ गाउँपालिका', 514, 'गाउँपालिका', ''),
(2563, 'रुवी भ्याली गाउँपालिका', 514, 'गाउँपालिका', ''),
(2564, 'सिद्धलेक गाउँपालिका', 514, 'गाउँपालिका', ''),
(2565, 'त्रिपुरासुन्दरी गाउँपालिका', 514, 'गाउँपालिका', ''),
(2566, 'हेटौडा उपमहानगरपालिका', 515, 'उपमहानगरपालिका', ''),
(2567, 'थाहा नगरपालिका', 515, 'नगरपालिका', ''),
(2568, 'इन्द्रसरोबर गाउँपालिका', 515, 'गाउँपालिका', ''),
(2569, 'कैलाश गाउँपालिका', 515, 'गाउँपालिका', ''),
(2570, 'बकैया गाउँपालिका', 515, 'गाउँपालिका', ''),
(2571, 'बाग्मति गाउँपालिका', 515, 'गाउँपालिका', ''),
(2572, 'भिमफेदी गाउँपालिका', 515, 'गाउँपालिका', ''),
(2573, 'मकवानपुरगढी गाउँपालिका', 515, 'गाउँपालिका', ''),
(2574, 'मनहरी गाउँपालिका', 515, 'गाउँपालिका', ''),
(2575, 'राक्सिराङ्ग गाउँपालिका', 515, 'गाउँपालिका', ''),
(2576, 'भरतपुर महानगरपालिका', 516, 'महानगरपालिका', ''),
(2577, 'कालिका नगरपालिका', 516, 'नगरपालिका', ''),
(2578, 'खैरहनी नगरपालिका', 516, 'नगरपालिका', ''),
(2579, 'माडी नगरपालिका', 516, 'नगरपालिका', ''),
(2580, 'रत्ननगर नगरपालिका', 516, 'नगरपालिका', ''),
(2581, 'राप्ती नगरपालिका', 516, 'नगरपालिका', ''),
(2582, 'इच्छाकामना गाउँपालिका', 516, 'गाउँपालिका', ''),
(2583, 'गोरखा नगरपालिका', 517, 'नगरपालिका', ''),
(2584, 'पालुङटार नगरपालिका', 517, 'नगरपालिका', ''),
(2585, 'सुलीकोट गाउँपालिका', 517, 'गाउँपालिका', ''),
(2586, 'सिरानचोक गाउँपालिका', 517, 'गाउँपालिका', ''),
(2587, 'अजिरकोट गाउँपालिका', 517, 'गाउँपालिका', ''),
(2588, 'आरूघाट गाउँपालिका', 517, 'गाउँपालिका', ''),
(2589, 'गण्डकी गाउँपालिका', 517, 'गाउँपालिका', ''),
(2590, 'चुमनुव्री गाउँपालिका', 517, 'गाउँपालिका', ''),
(2591, 'धार्चे गाउँपालिका', 517, 'गाउँपालिका', ''),
(2592, 'भिमसेन गाउँपालिका', 517, 'गाउँपालिका', ''),
(2593, 'शहिद लखन गाउँपालिका', 517, 'गाउँपालिका', ''),
(2594, 'बेसीशहर नगरपालिका', 518, 'नगरपालिका', ''),
(2595, 'मध्यनेपाल नगरपालिका', 518, 'नगरपालिका', ''),
(2596, 'रार्इनास नगरपालिका', 518, 'नगरपालिका', ''),
(2597, 'सुन्दरबजार नगरपालिका', 518, 'नगरपालिका', ''),
(2598, 'क्व्होलासोथार गाउँपालिका', 518, 'गाउँपालिका', ''),
(2599, 'दूधपोखरी गाउँपालिका', 518, 'गाउँपालिका', ''),
(2600, 'दोर्दी गाउँपालिका', 518, 'गाउँपालिका', ''),
(2601, 'मर्स्याङदी गाउँपालिका', 518, 'गाउँपालिका', ''),
(2602, 'भानु नगरपालिका', 519, 'नगरपालिका', ''),
(2603, 'भिमाद नगरपालिका', 519, 'नगरपालिका', ''),
(2604, 'व्यास नगरपालिका', 519, 'नगरपालिका', ''),
(2605, 'शुक्लागण्डकी नगरपालिका', 519, 'नगरपालिका', ''),
(2606, 'आँबुखैरेनी गाउँपालिका', 519, 'गाउँपालिका', ''),
(2607, 'ऋषिङ्ग गाउँपालिका', 519, 'गाउँपालिका', ''),
(2608, 'घिरिङ गाउँपालिका', 519, 'गाउँपालिका', ''),
(2609, 'देवघाट गाउँपालिका', 519, 'गाउँपालिका', ''),
(2610, 'म्याग्दे गाउँपालिका', 519, 'गाउँपालिका', ''),
(2611, 'वन्दिपुर गाउँपालिका', 519, 'गाउँपालिका', ''),
(2612, 'गल्याङ नगरपालिका', 520, 'नगरपालिका', ''),
(2613, 'चापाकोट नगरपालिका', 520, 'नगरपालिका', ''),
(2614, 'पुतलीबजार नगरपालिका', 520, 'नगरपालिका', ''),
(2615, 'भीरकोट नगरपालिका', 520, 'नगरपालिका', ''),
(2616, 'वालिङ नगरपालिका', 520, 'नगरपालिका', ''),
(2617, 'अर्जुनचौपारी गाउँपालिका', 520, 'गाउँपालिका', ''),
(2618, 'आँधिखोला गाउँपालिका', 520, 'गाउँपालिका', ''),
(2619, 'कालीगण्डकी गाउँपालिका', 520, 'गाउँपालिका', ''),
(2620, 'फेदीखोला गाउँपालिका', 520, 'गाउँपालिका', ''),
(2621, 'बिरुवा गाउँपालिका', 520, 'गाउँपालिका', ''),
(2622, 'हरिनास गाउँपालिका', 520, 'गाउँपालिका', ''),
(2623, 'पोखरा लेखनाथ महानगरपालिका', 521, 'महानगरपालिका', ''),
(2624, 'अन्नपूर्ण गाउँपालिका', 521, 'गाउँपालिका', ''),
(2625, 'माछापुच्छ्रे गाउँपालिका', 521, 'गाउँपालिका', ''),
(2626, 'मादी गाउँपालिका', 521, 'गाउँपालिका', ''),
(2627, 'रूपा गाउँपालिका', 521, 'गाउँपालिका', ''),
(2628, 'चामे गाउँपालिका', 0, 'गाउँपालिका', ''),
(2629, 'नारफू गाउँपालिका', 0, 'गाउँपालिका', ''),
(2630, 'नाशोङ गाउँपालिका', 0, 'गाउँपालिका', ''),
(2631, 'नेस्याङ गाउँपालिका', 0, 'गाउँपालिका', ''),
(2632, 'घरपझोङ गाउँपालिका', 522, 'गाउँपालिका', ''),
(2633, 'थासाङ गाउँपालिका', 522, 'गाउँपालिका', ''),
(2634, 'दालोमे गाउँपालिका', 522, 'गाउँपालिका', ''),
(2635, 'लोमन्थाङ गाउँपालिका', 522, 'गाउँपालिका', ''),
(2636, 'वाह्रगाउँ मुक्तिक्षेत्र गाउँपालिका', 522, 'गाउँपालिका', ''),
(2637, 'बेनी नगरपालिका', 523, 'नगरपालिका', ''),
(2638, 'अन्नपूर्ण गाउँपालिका', 523, 'गाउँपालिका', ''),
(2639, 'धवलागिरी गाउँपालिका', 523, 'गाउँपालिका', ''),
(2640, 'मंगला गाउँपालिका', 523, 'गाउँपालिका', ''),
(2641, 'मालिका गाउँपालिका', 523, 'गाउँपालिका', ''),
(2642, 'रघुगंगा गाउँपालिका', 523, 'गाउँपालिका', ''),
(2643, 'कुश्मा नगरपालिका', 524, 'नगरपालिका', ''),
(2644, 'फलेवास नगरपालिका', 524, 'नगरपालिका', ''),
(2645, 'जलजला गाउँपालिका', 524, 'गाउँपालिका', ''),
(2646, 'पैयूं गाउँपालिका', 524, 'गाउँपालिका', ''),
(2647, 'महाशिला गाउँपालिका', 524, 'गाउँपालिका', ''),
(2648, 'मोदी गाउँपालिका', 524, 'गाउँपालिका', ''),
(2649, 'विहादी गाउँपालिका', 524, 'गाउँपालिका', ''),
(2650, 'बागलुङ नगरपालिका', 525, 'नगरपालिका', ''),
(2651, 'गल्कोट नगरपालिका', 525, 'नगरपालिका', ''),
(2652, 'जैमूनी नगरपालिका', 525, 'नगरपालिका', ''),
(2653, 'ढोरपाटन नगरपालिका', 525, 'नगरपालिका', ''),
(2654, 'वरेङ गाउँपालिका', 525, 'गाउँपालिका', ''),
(2655, 'काठेखोला गाउँपालिका', 525, 'गाउँपालिका', ''),
(2656, 'तमानखोला गाउँपालिका', 525, 'गाउँपालिका', ''),
(2657, 'ताराखोला गाउँपालिका', 525, 'गाउँपालिका', ''),
(2658, 'निसीखोला गाउँपालिका', 525, 'गाउँपालिका', ''),
(2659, 'वडिगाड गाउँपालिका', 525, 'गाउँपालिका', ''),
(2660, 'कावासोती नगरपालिका', 526, 'नगरपालिका', ''),
(2661, 'गैडाकोट नगरपालिका', 526, 'नगरपालिका', ''),
(2662, 'देवचुली नगरपालिका', 526, 'नगरपालिका', ''),
(2663, 'मध्यविन्दु नगरपालिका', 526, 'नगरपालिका', ''),
(2664, 'बुङ्दीकाली गाउँपालिका', 526, 'गाउँपालिका', ''),
(2665, 'बुलिङटार गाउँपालिका', 526, 'गाउँपालिका', ''),
(2666, 'विनयी त्रिवेणी गाउँपालिका', 526, 'गाउँपालिका', ''),
(2667, 'हुप्सेकोट गाउँपालिका', 526, 'गाउँपालिका', ''),
(2668, 'मुसिकोट नगरपालिका', 527, 'नगरपालिका', ''),
(2669, 'रेसुङ्गा नगरपालिका', 527, 'नगरपालिका', ''),
(2670, 'ईस्मा गाउँपालिका', 527, 'गाउँपालिका', ''),
(2671, 'कालीगण्डकी गाउँपालिका', 527, 'गाउँपालिका', ''),
(2672, 'गुल्मी दरबार गाउँपालिका', 527, 'गाउँपालिका', ''),
(2673, 'सत्यवती गाउँपालिका', 527, 'गाउँपालिका', ''),
(2674, 'चन्द्रकोट गाउँपालिका', 527, 'गाउँपालिका', ''),
(2675, 'रुरु गाउँपालिका', 527, 'गाउँपालिका', ''),
(2676, 'छत्रकोट गाउँपालिका', 527, 'गाउँपालिका', ''),
(2677, 'धुर्कोट गाउँपालिका', 527, 'गाउँपालिका', ''),
(2678, 'मदाने गाउँपालिका', 527, 'गाउँपालिका', ''),
(2679, 'मालिका गाउँपालिका', 527, 'गाउँपालिका', ''),
(2680, 'रामपुर नगरपालिका', 528, 'नगरपालिका', ''),
(2681, 'तानसेन नगरपालिका', 528, 'नगरपालिका', ''),
(2682, 'निस्दी गाउँपालिका', 528, 'गाउँपालिका', ''),
(2683, 'पूर्वखोला गाउँपालिका', 528, 'गाउँपालिका', ''),
(2684, 'रम्भा गाउँपालिका', 528, 'गाउँपालिका', ''),
(2685, 'माथागढी गाउँपालिका', 528, 'गाउँपालिका', ''),
(2686, 'तिनाउ गाउँपालिका', 528, 'गाउँपालिका', ''),
(2687, 'बगनासकाली गाउँपालिका', 528, 'गाउँपालिका', ''),
(2688, 'रिब्दिकोट गाउँपालिका', 528, 'गाउँपालिका', ''),
(2689, 'रैनादेवी छहरा गाउँपालिका', 528, 'गाउँपालिका', ''),
(2690, 'बुटवल उपमहानगरपालिका', 529, 'उपमहानगरपालिका', ''),
(2691, 'देवदह नगरपालिका', 529, 'नगरपालिका', ''),
(2692, 'लुम्बिनी सांस्कृतिक नगरपालिका', 529, 'नगरपालिका', ''),
(2693, 'सैनामैना नगरपालिका', 529, 'नगरपालिका', ''),
(2694, 'सिद्धार्थनगर नगरपालिका', 529, 'नगरपालिका', ''),
(2695, 'तिलोत्तमा नगरपालिका', 529, 'नगरपालिका', ''),
(2696, 'गैडहवा गाउँपालिका', 529, 'गाउँपालिका', ''),
(2697, 'कन्चन गाउँपालिका', 529, 'गाउँपालिका', ''),
(2698, 'कोटहीमाई गाउँपालिका', 529, 'गाउँपालिका', ''),
(2699, 'मर्चवारी गाउँपालिका', 529, 'गाउँपालिका', ''),
(2700, 'मायादेवी गाउँपालिका', 529, 'गाउँपालिका', ''),
(2701, 'ओमसतिया गाउँपालिका', 529, 'गाउँपालिका', ''),
(2702, 'रोहिणी गाउँपालिका', 529, 'गाउँपालिका', ''),
(2703, 'सम्मरीमाई गाउँपालिका', 529, 'गाउँपालिका', ''),
(2704, 'सियारी गाउँपालिका', 529, 'गाउँपालिका', ''),
(2705, 'शुद्धोधन गाउँपालिका', 529, 'गाउँपालिका', ''),
(2706, 'कपिलवस्तु नगरपालिका', 530, 'नगरपालिका', ''),
(2707, 'बुद्धभूमी नगरपालिका', 530, 'नगरपालिका', ''),
(2708, 'शिवराज नगरपालिका', 530, 'नगरपालिका', ''),
(2709, 'महाराजगंज नगरपालिका', 530, 'नगरपालिका', ''),
(2710, 'कृष्णनगर नगरपालिका', 530, 'नगरपालिका', ''),
(2711, 'बाणगंगा नगरपालिका', 530, 'नगरपालिका', ''),
(2712, 'मायादेवी गाउँपालिका', 530, 'गाउँपालिका', ''),
(2713, 'यसोधरा गाउँपालिका', 530, 'गाउँपालिका', ''),
(2714, 'सुद्धोधन गाउँपालिका', 530, 'गाउँपालिका', ''),
(2715, 'विजयनगर गाउँपालिका', 530, 'गाउँपालिका', ''),
(2716, 'सन्धिखर्क नगरपालिका', 531, 'नगरपालिका', ''),
(2717, 'शितगंगा नगरपालिका', 531, 'नगरपालिका', ''),
(2718, 'भूमिकास्थान नगरपालिका', 531, 'नगरपालिका', ''),
(2719, 'छत्रदेव गाउँपालिका', 531, 'गाउँपालिका', ''),
(2720, 'पाणिनी गाउँपालिका', 531, 'गाउँपालिका', ''),
(2721, 'मालारानी गाउँपालिका', 531, 'गाउँपालिका', ''),
(2722, 'प्यूठान नगरपालिका', 532, 'नगरपालिका', ''),
(2723, 'स्वर्गद्वारी नगरपालिका', 532, 'नगरपालिका', ''),
(2724, 'गौमुखी गाउँपालिका', 532, 'गाउँपालिका', ''),
(2725, 'माण्डवी गाउँपालिका', 532, 'गाउँपालिका', ''),
(2726, 'सरुमारानी गाउँपालिका', 532, 'गाउँपालिका', ''),
(2727, 'मल्लरानी गाउँपालिका', 532, 'गाउँपालिका', ''),
(2728, 'नौवहिनी गाउँपालिका', 532, 'गाउँपालिका', ''),
(2729, 'झिमरुक गाउँपालिका', 532, 'गाउँपालिका', ''),
(2730, 'ऐरावती गाउँपालिका', 532, 'गाउँपालिका', ''),
(2731, 'रोल्पा नगरपालिका', 533, 'नगरपालिका', ''),
(2732, 'त्रिवेणी गाउँपालिका', 533, 'गाउँपालिका', ''),
(2733, 'दुईखोली गाउँपालिका', 533, 'गाउँपालिका', ''),
(2734, 'माडी गाउँपालिका', 533, 'गाउँपालिका', ''),
(2735, 'रुन्टीगढी गाउँपालिका', 533, 'गाउँपालिका', ''),
(2736, 'लुङग्री गाउँपालिका', 533, 'गाउँपालिका', ''),
(2737, 'सुकिदह गाउँपालिका', 533, 'गाउँपालिका', ''),
(2738, 'सुनछहरी गाउँपालिका', 533, 'गाउँपालिका', ''),
(2739, 'सुवर्णावती गाउँपालिका', 533, 'गाउँपालिका', ''),
(2740, 'थवाङ गाउँपालिका', 533, 'गाउँपालिका', ''),
(2741, 'पुथा उत्तरगंगा गाउँपालिका', 534, 'गाउँपालिका', ''),
(2742, 'भूमे गाउँपालिका', 534, 'गाउँपालिका', ''),
(2743, 'सिस्ने गाउँपालिका', 534, 'गाउँपालिका', ''),
(2744, 'तुल्सीपुर उपमहानगरपालिका', 535, 'उपमहानगरपालिका', ''),
(2745, 'घोराही उपमहानगरपालिका', 535, 'उपमहानगरपालिका', ''),
(2746, 'लमही नगरपालिका', 535, 'नगरपालिका', ''),
(2747, 'बंगलाचुली गाउँपालिका', 535, 'गाउँपालिका', ''),
(2748, 'दंगीशरण गाउँपालिका', 535, 'गाउँपालिका', ''),
(2749, 'गढवा गाउँपालिका', 535, 'गाउँपालिका', ''),
(2750, 'राजपुर गाउँपालिका', 535, 'गाउँपालिका', ''),
(2751, 'राप्ती गाउँपालिका', 535, 'गाउँपालिका', ''),
(2752, 'शान्तिनगर गाउँपालिका', 535, 'गाउँपालिका', ''),
(2753, 'बबई गाउँपालिका', 535, 'गाउँपालिका', ''),
(2754, 'नेपालगंज उपमहानगरपालिका', 536, 'उपमहानगरपालिका', ''),
(2755, 'कोहलपुर नगरपालिका', 536, 'नगरपालिका', ''),
(2756, 'नरैनापुर गाउँपालिका', 536, 'गाउँपालिका', ''),
(2757, 'राप्तीसोनारी गाउँपालिका', 536, 'गाउँपालिका', ''),
(2758, 'बैजनाथ गाउँपालिका', 536, 'गाउँपालिका', ''),
(2759, 'खजुरा गाउँपालिका', 536, 'गाउँपालिका', ''),
(2760, 'डुडुवा गाउँपालिका', 536, 'गाउँपालिका', ''),
(2761, 'जानकी गाउँपालिका', 536, 'गाउँपालिका', ''),
(2762, 'गुलरिया नगरपालिका', 537, 'नगरपालिका', ''),
(2763, 'मधुवन नगरपालिका', 537, 'नगरपालिका', ''),
(2764, 'राजापुर नगरपालिका', 537, 'नगरपालिका', ''),
(2765, 'ठाकुरबाबा नगरपालिका', 537, 'नगरपालिका', ''),
(2766, 'बाँसगढी नगरपालिका', 537, 'नगरपालिका', ''),
(2767, 'बारबर्दिया नगरपालिका', 537, 'नगरपालिका', ''),
(2768, 'बढैयाताल गाउँपालिका', 537, 'गाउँपालिका', ''),
(2769, 'गेरुवा गाउँपालिका', 537, 'गाउँपालिका', ''),
(2770, 'बर्दघाट नगरपालिका', 538, 'नगरपालिका', ''),
(2771, 'रामग्राम नगरपालिका', 538, 'नगरपालिका', ''),
(2772, 'सुनवल नगरपालिका', 538, 'नगरपालिका', ''),
(2773, 'सुस्ता गाउँपालिका', 538, 'गाउँपालिका', ''),
(2774, 'पाल्हीनन्दन गाउँपालिका', 538, 'गाउँपालिका', ''),
(2775, 'प्रतापपुर गाउँपालिका', 538, 'गाउँपालिका', ''),
(2776, 'सरावल गाउँपालिका', 538, 'गाउँपालिका', ''),
(2777, 'मुसिकोट नगरपालिका', 539, 'नगरपालिका', ''),
(2778, 'चौरजहारी नगरपालिका', 539, 'नगरपालिका', ''),
(2779, 'आठबिसकोट नगरपालिका', 539, 'नगरपालिका', ''),
(2780, 'बाँफिकोट गाउँपालिका', 539, 'गाउँपालिका', ''),
(2781, 'त्रिवेणी गाउँपालिका', 539, 'गाउँपालिका', ''),
(2782, 'सानी भेरी गाउँपालिका', 539, 'गाउँपालिका', ''),
(2783, 'शारदा नगरपालिका', 540, 'नगरपालिका', ''),
(2784, 'बागचौर नगरपालिका', 540, 'नगरपालिका', ''),
(2785, 'बनगाड कुपिण्डे नगरपालिका', 540, 'नगरपालिका', ''),
(2786, 'कालिमाटी गाउँपालिका', 540, 'गाउँपालिका', ''),
(2787, 'त्रिवेणी गाउँपालिका', 540, 'गाउँपालिका', ''),
(2788, 'कपुरकोट गाउँपालिका', 540, 'गाउँपालिका', ''),
(2789, 'छत्रेश्वरी गाउँपालिका', 540, 'गाउँपालिका', ''),
(2790, 'ढोरचौर गाउँपालिका', 540, 'गाउँपालिका', ''),
(2791, 'कुमाखमालिका गाउँपालिका', 540, 'गाउँपालिका', ''),
(2792, 'दार्मा गाउँपालिका', 540, 'गाउँपालिका', ''),
(2793, 'बीरेन्द्रनगर नगरपालिका', 541, 'नगरपालिका', ''),
(2794, 'भेरीगंगा नगरपालिका', 541, 'नगरपालिका', ''),
(2795, 'गुर्भाकोट नगरपालिका', 541, 'नगरपालिका', ''),
(2796, 'पञ्चपुरी नगरपालिका', 541, 'नगरपालिका', ''),
(2797, 'लेकवेशी नगरपालिका', 541, 'नगरपालिका', ''),
(2798, 'चौकुने गाउँपालिका', 541, 'गाउँपालिका', ''),
(2799, 'बराहताल गाउँपालिका', 541, 'गाउँपालिका', ''),
(2800, 'चिङ्गाड गाउँपालिका', 541, 'गाउँपालिका', ''),
(2801, 'सिम्ता गाउँपालिका', 541, 'गाउँपालिका', ''),
(2802, 'नारायण नगरपालिका', 542, 'नगरपालिका', ''),
(2803, 'दुल्लु नगरपालिका', 542, 'नगरपालिका', ''),
(2804, 'चामुण्डा विन्द्रासैनी नगरपालिका', 542, 'नगरपालिका', ''),
(2805, 'आठबीस नगरपालिका', 542, 'नगरपालिका', ''),
(2806, 'भगवतीमाई गाउँपालिका', 542, 'गाउँपालिका', ''),
(2807, 'गुराँस गाउँपालिका', 542, 'गाउँपालिका', ''),
(2808, 'डुंगेश्वर गाउँपालिका', 542, 'गाउँपालिका', ''),
(2809, 'नौमुले गाउँपालिका', 542, 'गाउँपालिका', ''),
(2810, 'महावु गाउँपालिका', 542, 'गाउँपालिका', ''),
(2811, 'भैरवी गाउँपालिका', 542, 'गाउँपालिका', ''),
(2812, 'ठाँटीकाँध गाउँपालिका', 542, 'गाउँपालिका', ''),
(2813, 'भेरी नगरपालिका', 543, 'नगरपालिका', ''),
(2814, 'छेडागाड नगरपालिका', 543, 'नगरपालिका', ''),
(2815, 'त्रिवेणी नलगाड नगरपालिका', 543, 'नगरपालिका', ''),
(2816, 'बारेकोट गाउँपालिका', 543, 'गाउँपालिका', ''),
(2817, 'कुसे गाउँपालिका', 543, 'गाउँपालिका', ''),
(2818, 'जुनीचाँदे गाउँपालिका', 543, 'गाउँपालिका', ''),
(2819, 'शिवालय गाउँपालिका', 543, 'गाउँपालिका', ''),
(2820, 'ठुली भेरी नगरपालिका', 544, 'नगरपालिका', ''),
(2821, 'त्रिपुरासुन्दरी नगरपालिका', 544, 'नगरपालिका', ''),
(2822, 'डोल्पो बुद्ध गाउँपालिका', 544, 'गाउँपालिका', ''),
(2823, 'शे फोक्सुन्डो गाउँपालिका', 544, 'गाउँपालिका', ''),
(2824, 'जगदुल्ला गाउँपालिका', 544, 'गाउँपालिका', ''),
(2825, 'मुड्केचुला गाउँपालिका', 544, 'गाउँपालिका', ''),
(2826, 'काईके गाउँपालिका', 544, 'गाउँपालिका', ''),
(2827, 'छार्का ताङसोङ गाउँपालिका', 544, 'गाउँपालिका', ''),
(2828, 'चन्दननाथ नगरपालिका', 545, 'नगरपालिका', ''),
(2829, 'कनकासुन्दरी गाउँपालिका', 545, 'गाउँपालिका', ''),
(2830, 'सिंजा गाउँपालिका', 545, 'गाउँपालिका', ''),
(2831, 'हिमा गाउँपालिका', 545, 'गाउँपालिका', ''),
(2832, 'तिला गाउँपालिका', 545, 'गाउँपालिका', ''),
(2833, 'गुठिचौर गाउँपालिका', 545, 'गाउँपालिका', ''),
(2834, 'तातोपानी गाउँपालिका', 545, 'गाउँपालिका', ''),
(2835, 'पातारासी गाउँपालिका', 545, 'गाउँपालिका', ''),
(2836, 'खाँडाचक्र नगरपालिका', 546, 'नगरपालिका', ''),
(2837, 'रास्कोट नगरपालिका', 546, 'नगरपालिका', ''),
(2838, 'तिलागुफा नगरपालिका', 546, 'नगरपालिका', ''),
(2839, 'पचालझरना गाउँपालिका', 546, 'गाउँपालिका', ''),
(2840, 'सान्नी त्रिवेणी गाउँपालिका', 546, 'गाउँपालिका', ''),
(2841, 'नरहरिनाथ गाउँपालिका', 546, 'गाउँपालिका', ''),
(2842, 'कालिका गाउँपालिका', 546, 'गाउँपालिका', ''),
(2843, 'महावै गाउँपालिका', 546, 'गाउँपालिका', ''),
(2844, 'पलाता गाउँपालिका', 546, 'गाउँपालिका', ''),
(2845, 'छायाँनाथ रारा नगरपालिका', 547, 'नगरपालिका', ''),
(2846, 'मुगुम कार्मारोंग गाउँपालिका', 547, 'गाउँपालिका', ''),
(2847, 'सोरु गाउँपालिका', 547, 'गाउँपालिका', ''),
(2848, 'खत्याड गाउँपालिका', 547, 'गाउँपालिका', ''),
(2849, 'सिमकोट गाउँपालिका', 548, 'गाउँपालिका', ''),
(2850, 'नाम्खा गाउँपालिका', 548, 'गाउँपालिका', ''),
(2851, 'खार्पुनाथ गाउँपालिका', 548, 'गाउँपालिका', ''),
(2852, 'सर्केगाड गाउँपालिका', 548, 'गाउँपालिका', ''),
(2853, 'चंखेली गाउँपालिका', 548, 'गाउँपालिका', ''),
(2854, 'अदानचुली गाउँपालिका', 548, 'गाउँपालिका', ''),
(2855, 'ताँजाकोट गाउँपालिका', 548, 'गाउँपालिका', ''),
(2856, 'बडीमालिका नगरपालिका', 549, 'नगरपालिका', ''),
(2857, 'त्रिवेणी नगरपालिका', 549, 'नगरपालिका', ''),
(2858, 'बुढीगंगा नगरपालिका', 549, 'नगरपालिका', ''),
(2859, 'बुढीनन्दा नगरपालिका', 549, 'नगरपालिका', ''),
(2860, 'गौमुल गाउँपालिका', 549, 'गाउँपालिका', ''),
(2861, 'पाण्डव गुफा गाउँपालिका', 549, 'गाउँपालिका', ''),
(2862, 'स्वामीकार्तिक गाउँपालिका', 549, 'गाउँपालिका', ''),
(2863, 'छेडेदह गाउँपालिका', 549, 'गाउँपालिका', ''),
(2864, 'हिमाली गाउँपालिका', 549, 'गाउँपालिका', ''),
(2865, 'जयपृथ्वी नगरपालिका', 550, 'नगरपालिका', ''),
(2866, 'बुंगल नगरपालिका', 550, 'नगरपालिका', ''),
(2867, 'तलकोट गाउँपालिका', 550, 'गाउँपालिका', ''),
(2868, 'मष्टा गाउँपालिका', 550, 'गाउँपालिका', ''),
(2869, 'खप्तडछान्ना गाउँपालिका', 550, 'गाउँपालिका', ''),
(2870, 'थलारा गाउँपालिका', 550, 'गाउँपालिका', ''),
(2871, 'वित्थडचिर गाउँपालिका', 550, 'गाउँपालिका', ''),
(2872, 'सूर्मा गाउँपालिका', 550, 'गाउँपालिका', ''),
(2873, 'छबिसपाथिभेरा गाउँपालिका', 550, 'गाउँपालिका', ''),
(2874, 'दुर्गाथली गाउँपालिका', 550, 'गाउँपालिका', ''),
(2875, 'केदारस्युँ गाउँपालिका', 550, 'गाउँपालिका', ''),
(2876, 'काँडा गाउँपालिका', 550, 'गाउँपालिका', ''),
(2877, 'मंगलसेन नगरपालिका', 551, 'नगरपालिका', ''),
(2878, 'कमलबजार नगरपालिका', 551, 'नगरपालिका', ''),
(2879, 'साँफेबगर नगरपालिका', 551, 'नगरपालिका', ''),
(2880, 'पन्चदेवल विनायक नगरपालिका', 551, 'नगरपालिका', ''),
(2881, 'चौरपाटी गाउँपालिका', 551, 'गाउँपालिका', ''),
(2882, 'मेल्लेख गाउँपालिका', 551, 'गाउँपालिका', ''),
(2883, 'बान्निगढी जयगढ गाउँपालिका', 551, 'गाउँपालिका', ''),
(2884, 'रामारोशन गाउँपालिका', 551, 'गाउँपालिका', ''),
(2885, 'ढकारी गाउँपालिका', 551, 'गाउँपालिका', ''),
(2886, 'तुर्माखाँद गाउँपालिका', 551, 'गाउँपालिका', ''),
(2887, 'दिपायल सिलगढी नगरपालिका', 552, 'नगरपालिका', ''),
(2888, 'शिखर नगरपालिका', 552, 'नगरपालिका', ''),
(2889, 'पूर्वीचौकी गाउँपालिका', 552, 'गाउँपालिका', ''),
(2890, 'बडीकेदार गाउँपालिका', 552, 'गाउँपालिका', ''),
(2891, 'जोरायल गाउँपालिका', 552, 'गाउँपालिका', ''),
(2892, 'सायल गाउँपालिका', 552, 'गाउँपालिका', ''),
(2893, 'आदर्श गाउँपालिका', 552, 'गाउँपालिका', ''),
(2894, 'के.आई.सिं. गाउँपालिका', 552, 'गाउँपालिका', ''),
(2895, 'बोगटान गाउँपालिका', 552, 'गाउँपालिका', ''),
(2896, 'धनगढी उपमहानगरपालिका', 553, 'उपमहानगरपालिका', ''),
(2897, 'टिकापुर नगरपालिका', 553, 'नगरपालिका', ''),
(2898, 'घोडाघोडी नगरपालिका', 553, 'नगरपालिका', ''),
(2899, 'लम्कीचुहा नगरपालिका', 553, 'नगरपालिका', ''),
(2900, 'भजनी नगरपालिका', 553, 'नगरपालिका', ''),
(2901, 'गोदावरी नगरपालिका', 553, 'नगरपालिका', ''),
(2902, 'गौरीगंगा नगरपालिका', 553, 'नगरपालिका', ''),
(2903, 'जानकी गाउँपालिका', 553, 'गाउँपालिका', ''),
(2904, 'बर्दगोरिया गाउँपालिका', 553, 'गाउँपालिका', ''),
(2905, 'मोहन्याल गाउँपालिका', 553, 'गाउँपालिका', ''),
(2906, 'कैलारी गाउँपालिका', 553, 'गाउँपालिका', ''),
(2907, 'जोशीपुर गाउँपालिका', 553, 'गाउँपालिका', ''),
(2908, 'चुरे गाउँपालिका', 553, 'गाउँपालिका', ''),
(2909, 'भीमदत्त नगरपालिका', 554, 'नगरपालिका', ''),
(2910, 'पुर्नवास नगरपालिका', 554, 'नगरपालिका', ''),
(2911, 'वेदकोट नगरपालिका', 554, 'नगरपालिका', ''),
(2912, 'महाकाली नगरपालिका', 554, 'नगरपालिका', ''),
(2913, 'शुक्लाफाँटा नगरपालिका', 554, 'नगरपालिका', ''),
(2914, 'बेलौरी नगरपालिका', 554, 'नगरपालिका', ''),
(2915, 'कृष्णपुर नगरपालिका', 554, 'नगरपालिका', ''),
(2916, 'बेलडाडी गाउँपालिका', 554, 'गाउँपालिका', ''),
(2917, 'लालझाडी गाउँपालिका', 554, 'गाउँपालिका', ''),
(2918, 'अमरगढी नगरपालिका', 555, 'नगरपालिका', ''),
(2919, 'परशुराम नगरपालिका', 555, 'नगरपालिका', ''),
(2920, 'आलिताल गाउँपालिका', 555, 'गाउँपालिका', ''),
(2921, 'भागेश्वर गाउँपालिका', 555, 'गाउँपालिका', ''),
(2922, 'नवदुर्गा गाउँपालिका', 555, 'गाउँपालिका', ''),
(2923, 'अजयमेरु गाउँपालिका', 555, 'गाउँपालिका', ''),
(2924, 'गन्यापधुरा गाउँपालिका', 555, 'गाउँपालिका', ''),
(2925, 'दशरथचन्द नगरपालिका', 556, 'नगरपालिका', ''),
(2926, 'पाटन नगरपालिका', 556, 'नगरपालिका', ''),
(2927, 'मेलौली नगरपालिका', 556, 'नगरपालिका', ''),
(2928, 'पुर्चौडी नगरपालिका', 556, 'नगरपालिका', ''),
(2929, 'सुर्नया गाउँपालिका', 556, 'गाउँपालिका', ''),
(2930, 'सिगास गाउँपालिका', 556, 'गाउँपालिका', ''),
(2931, 'शिवनाथ गाउँपालिका', 556, 'गाउँपालिका', ''),
(2932, 'पञ्चेश्वर गाउँपालिका', 556, 'गाउँपालिका', ''),
(2933, 'दोगडाकेदार गाउँपालिका', 556, 'गाउँपालिका', ''),
(2934, 'डीलासैनी गाउँपालिका', 556, 'गाउँपालिका', ''),
(2935, 'महाकाली नगरपालिका', 557, 'नगरपालिका', ''),
(2936, 'शैल्यशिखर नगरपालिका', 557, 'नगरपालिका', ''),
(2937, 'मालिकार्जुन गाउँपालिका', 557, 'गाउँपालिका', ''),
(2938, 'अपिहिमाल गाउँपालिका', 557, 'गाउँपालिका', ''),
(2939, 'दुहुँ गाउँपालिका', 557, 'गाउँपालिका', ''),
(2940, 'नौगाड गाउँपालिका', 557, 'गाउँपालिका', ''),
(2941, 'मार्मा गाउँपालिका', 557, 'गाउँपालिका', ''),
(2942, 'लेकम गाउँपालिका', 557, 'गाउँपालिका', ''),
(2943, 'ब्याँस गाउँपालिका', 557, 'गाउँपालिका', '');

-- --------------------------------------------------------

--
-- Table structure for table `settings_ward`
--

CREATE TABLE `settings_ward` (
  `id` int(11) NOT NULL,
  `name` text NOT NULL,
  `address` text NOT NULL,
  `address_eng` text NOT NULL
) ENGINE=InnoDB DEFAULT CHARSET=utf8;

--
-- Dumping data for table `settings_ward`
--

INSERT INTO `settings_ward` (`id`, `name`, `address`, `address_eng`) VALUES
(1, '१', 'सुखड', ''),
(2, '२', 'साढेपानी जङ्गपुर', 'Sadepani Jungpur'),
(3, '३', 'निम्दी', 'Nimdi'),
(4, '४', 'सिम्थरी', ''),
(5, '५', 'वनखेत', ''),
(6, '६', 'साढेपानी', ''),
(7, '७', 'निम्दी', ''),
(8, '८', 'दिपनगर', ''),
(9, '९', 'रतिकपुर', ''),
(10, '१०', 'पहलमानपुर', ''),
(11, '११', 'आम्वासा', ''),
(12, '१२', 'त्रिवेणी बजार', '');

-- --------------------------------------------------------

--
-- Table structure for table `settings_worker`
--

CREATE TABLE `settings_worker` (
  `id` int(11) NOT NULL,
  `name` text NOT NULL,
  `department_id` int(11) NOT NULL,
  `post_id` int(11) NOT NULL
) ENGINE=InnoDB DEFAULT CHARSET=utf8;

--
-- Dumping data for table `settings_worker`
--

INSERT INTO `settings_worker` (`id`, `name`, `department_id`, `post_id`) VALUES
(1, 'धिरज प्रधान', 1, 1);

-- --------------------------------------------------------

--
-- Table structure for table `user`
--

CREATE TABLE `user` (
  `id` int(11) NOT NULL,
  `name` text NOT NULL,
  `address` text NOT NULL,
  `phone` varchar(30) NOT NULL,
  `email` varchar(125) NOT NULL,
  `mode` enum('superadmin','admin','user','') NOT NULL,
  `username` varchar(255) NOT NULL,
  `password` text NOT NULL,
  `created_at` timestamp NOT NULL DEFAULT CURRENT_TIMESTAMP ON UPDATE CURRENT_TIMESTAMP,
  `modified_at` timestamp NULL DEFAULT NULL
) ENGINE=InnoDB DEFAULT CHARSET=utf8;

--
-- Dumping data for table `user`
--

INSERT INTO `user` (`id`, `name`, `address`, `phone`, `email`, `mode`, `username`, `password`, `created_at`, `modified_at`) VALUES
(1, 'Dhiraj Pradhan', '', '9842134241', 'dpr4dhan@gmail.com', 'superadmin', 'admin', '$2y$10$gMkfB00WxLXnyRs3WRcOXutypvgGtV21YHSzTDSwJWqpwj4/h1iFK', '2021-10-26 10:55:31', NULL),
(25, 'Amulya Sharma', 'Biratnagar-03', '457868', 'amulyaheadquater@gmail.com', 'user', 'amulya', '$2y$10$4UJJs4/sAehT5/tYiLG98eBMeVUhop6X/9j9DPJeLsdWAZWK3RTjq', '2019-08-09 11:34:06', NULL),
(26, 'nagendra basnet', 'kanepokhari 5', '9805389591', 'alonggurung@gmail.com', 'user', 'nagendra', '$2y$10$E0pc5wnFo3gwQFX6VHy5ZeAcjrTH1NzpnMMtz4ZHv4kzFPK5rCA12', '2019-08-12 18:20:17', NULL),
(27, 'rekha', 'kanepokhari', '9816391247', 'rekhachaudhary@gmail.com', 'user', 'rekha', '$2y$10$63QWMM5N/Wc9dOWj6THj1.GCsK4oWknrweWzOyNs7olE8Wexj9rFO', '2019-08-22 20:55:54', NULL),
(28, 'Yubaraj Limbu', 'Kanepokhari - 6', '9842163259', 'yubabhai@gmail.com', 'superadmin', 'yubabhai', '$2y$10$9mww9xP/dz/QuIa1K7ioUeuUx6s/yjsnNxNnTosnO8RJvRbELKyPO', '2019-11-26 19:40:28', NULL);

--
-- Indexes for dumped tables
--

--
-- Indexes for table `disable_details`
--
ALTER TABLE `disable_details`
  ADD PRIMARY KEY (`id`),
  ADD UNIQUE KEY `pp_no` (`pp_no`);

--
-- Indexes for table `settings_blood_type`
--
ALTER TABLE `settings_blood_type`
  ADD PRIMARY KEY (`id`);

--
-- Indexes for table `settings_disable_severity`
--
ALTER TABLE `settings_disable_severity`
  ADD PRIMARY KEY (`id`);

--
-- Indexes for table `settings_disable_type`
--
ALTER TABLE `settings_disable_type`
  ADD PRIMARY KEY (`id`);

--
-- Indexes for table `settings_district`
--
ALTER TABLE `settings_district`
  ADD PRIMARY KEY (`id`);

--
-- Indexes for table `settings_local_body`
--
ALTER TABLE `settings_local_body`
  ADD PRIMARY KEY (`id`);

--
-- Indexes for table `settings_office`
--
ALTER TABLE `settings_office`
  ADD PRIMARY KEY (`id`);

--
-- Indexes for table `settings_post`
--
ALTER TABLE `settings_post`
  ADD PRIMARY KEY (`id`);

--
-- Indexes for table `settings_pramanit_garne`
--
ALTER TABLE `settings_pramanit_garne`
  ADD PRIMARY KEY (`id`);

--
-- Indexes for table `settings_session`
--
ALTER TABLE `settings_session`
  ADD PRIMARY KEY (`id`);

--
-- Indexes for table `settings_state`
--
ALTER TABLE `settings_state`
  ADD PRIMARY KEY (`id`);

--
-- Indexes for table `settings_vdc_municipality`
--
ALTER TABLE `settings_vdc_municipality`
  ADD PRIMARY KEY (`id`);

--
-- Indexes for table `settings_ward`
--
ALTER TABLE `settings_ward`
  ADD PRIMARY KEY (`id`);

--
-- Indexes for table `settings_worker`
--
ALTER TABLE `settings_worker`
  ADD PRIMARY KEY (`id`);

--
-- Indexes for table `user`
--
ALTER TABLE `user`
  ADD PRIMARY KEY (`id`);

--
-- AUTO_INCREMENT for dumped tables
--

--
-- AUTO_INCREMENT for table `disable_details`
--
ALTER TABLE `disable_details`
  MODIFY `id` int(11) NOT NULL AUTO_INCREMENT, AUTO_INCREMENT=184;

--
-- AUTO_INCREMENT for table `settings_blood_type`
--
ALTER TABLE `settings_blood_type`
  MODIFY `id` int(11) NOT NULL AUTO_INCREMENT, AUTO_INCREMENT=9;

--
-- AUTO_INCREMENT for table `settings_disable_severity`
--
ALTER TABLE `settings_disable_severity`
  MODIFY `id` int(11) NOT NULL AUTO_INCREMENT, AUTO_INCREMENT=5;

--
-- AUTO_INCREMENT for table `settings_disable_type`
--
ALTER TABLE `settings_disable_type`
  MODIFY `id` int(11) NOT NULL AUTO_INCREMENT, AUTO_INCREMENT=12;

--
-- AUTO_INCREMENT for table `settings_office`
--
ALTER TABLE `settings_office`
  MODIFY `id` int(11) NOT NULL AUTO_INCREMENT, AUTO_INCREMENT=18;

--
-- AUTO_INCREMENT for table `settings_post`
--
ALTER TABLE `settings_post`
  MODIFY `id` int(11) NOT NULL AUTO_INCREMENT, AUTO_INCREMENT=8;

--
-- AUTO_INCREMENT for table `settings_pramanit_garne`
--
ALTER TABLE `settings_pramanit_garne`
  MODIFY `id` int(11) NOT NULL AUTO_INCREMENT, AUTO_INCREMENT=3;

--
-- AUTO_INCREMENT for table `settings_session`
--
ALTER TABLE `settings_session`
  MODIFY `id` int(11) NOT NULL AUTO_INCREMENT, AUTO_INCREMENT=3;

--
-- AUTO_INCREMENT for table `settings_state`
--
ALTER TABLE `settings_state`
  MODIFY `id` int(11) NOT NULL AUTO_INCREMENT, AUTO_INCREMENT=8;

--
-- AUTO_INCREMENT for table `settings_ward`
--
ALTER TABLE `settings_ward`
  MODIFY `id` int(11) NOT NULL AUTO_INCREMENT, AUTO_INCREMENT=13;

--
-- AUTO_INCREMENT for table `settings_worker`
--
ALTER TABLE `settings_worker`
  MODIFY `id` int(11) NOT NULL AUTO_INCREMENT, AUTO_INCREMENT=2;

--
-- AUTO_INCREMENT for table `user`
--
ALTER TABLE `user`
  MODIFY `id` int(11) NOT NULL AUTO_INCREMENT, AUTO_INCREMENT=29;
